FDG,1711,2405,71.14345114345114
PIB,2332,2405,96.96465696465697
AV45,2256,2405,93.8045738045738
RAVLT_immediate,704,2405,29.272349272349274
RAVLT_learning,707,2405,29.3970893970894
RAVLT_forgetting,707,2405,29.3970893970894
RAVLT_perc_forgetting,727,2405,30.22869022869023
FAQ,671,2405,27.900207900207903
Ventricles,1039,2405,43.2016632016632
Hippocampus,1270,2405,52.80665280665281
WholeBrain,1030,2405,42.82744282744283
Entorhinal,1277,2405,53.0977130977131
Fusiform,1277,2405,53.0977130977131
MidTemp,1277,2405,53.0977130977131
ICV,1014,2405,42.16216216216216
FLDSTRENG_UCSFFSL_02_01_16_UCSFFSL51ALL_08_01_16,1478,2405,61.45530145530146
LONISID_UCSFFSL_02_01_16_UCSFFSL51ALL_08_01_16,1450,2405,60.2910602910603
LONIUID_UCSFFSL_02_01_16_UCSFFSL51ALL_08_01_16,1450,2405,60.2910602910603
IMAGEUID_UCSFFSL_02_01_16_UCSFFSL51ALL_08_01_16,1450,2405,60.2910602910603
BASETP1_UCSFFSL_02_01_16_UCSFFSL51ALL_08_01_16,1478,2405,61.45530145530146
BASETP2_UCSFFSL_02_01_16_UCSFFSL51ALL_08_01_16,1478,2405,61.45530145530146
BASETP3_UCSFFSL_02_01_16_UCSFFSL51ALL_08_01_16,1478,2405,61.45530145530146
BASETP4_UCSFFSL_02_01_16_UCSFFSL51ALL_08_01_16,1478,2405,61.45530145530146
BASETP5_UCSFFSL_02_01_16_UCSFFSL51ALL_08_01_16,1478,2405,61.45530145530146
BASETP6_UCSFFSL_02_01_16_UCSFFSL51ALL_08_01_16,1478,2405,61.45530145530146
BASETP7_UCSFFSL_02_01_16_UCSFFSL51ALL_08_01_16,1478,2405,61.45530145530146
BASETP8_UCSFFSL_02_01_16_UCSFFSL51ALL_08_01_16,1478,2405,61.45530145530146
ST100SV_UCSFFSL_02_01_16_UCSFFSL51ALL_08_01_16,2405,2405,100.0
ST101SV_UCSFFSL_02_01_16_UCSFFSL51ALL_08_01_16,1450,2405,60.2910602910603
ST102CV_UCSFFSL_02_01_16_UCSFFSL51ALL_08_01_16,1450,2405,60.2910602910603
ST102SA_UCSFFSL_02_01_16_UCSFFSL51ALL_08_01_16,1450,2405,60.2910602910603
ST102TA_UCSFFSL_02_01_16_UCSFFSL51ALL_08_01_16,1450,2405,60.2910602910603
ST102TS_UCSFFSL_02_01_16_UCSFFSL51ALL_08_01_16,1450,2405,60.2910602910603
ST103CV_UCSFFSL_02_01_16_UCSFFSL51ALL_08_01_16,1450,2405,60.2910602910603
ST103SA_UCSFFSL_02_01_16_UCSFFSL51ALL_08_01_16,1450,2405,60.2910602910603
ST103TA_UCSFFSL_02_01_16_UCSFFSL51ALL_08_01_16,1450,2405,60.2910602910603
ST103TS_UCSFFSL_02_01_16_UCSFFSL51ALL_08_01_16,1450,2405,60.2910602910603
ST104CV_UCSFFSL_02_01_16_UCSFFSL51ALL_08_01_16,1450,2405,60.2910602910603
ST104SA_UCSFFSL_02_01_16_UCSFFSL51ALL_08_01_16,1450,2405,60.2910602910603
ST104TA_UCSFFSL_02_01_16_UCSFFSL51ALL_08_01_16,1450,2405,60.2910602910603
ST104TS_UCSFFSL_02_01_16_UCSFFSL51ALL_08_01_16,1450,2405,60.2910602910603
ST105CV_UCSFFSL_02_01_16_UCSFFSL51ALL_08_01_16,1450,2405,60.2910602910603
ST105SA_UCSFFSL_02_01_16_UCSFFSL51ALL_08_01_16,1450,2405,60.2910602910603
ST105TA_UCSFFSL_02_01_16_UCSFFSL51ALL_08_01_16,1450,2405,60.2910602910603
ST105TS_UCSFFSL_02_01_16_UCSFFSL51ALL_08_01_16,1450,2405,60.2910602910603
ST106CV_UCSFFSL_02_01_16_UCSFFSL51ALL_08_01_16,1450,2405,60.2910602910603
ST106SA_UCSFFSL_02_01_16_UCSFFSL51ALL_08_01_16,1450,2405,60.2910602910603
ST106TA_UCSFFSL_02_01_16_UCSFFSL51ALL_08_01_16,1450,2405,60.2910602910603
ST106TS_UCSFFSL_02_01_16_UCSFFSL51ALL_08_01_16,1450,2405,60.2910602910603
ST107CV_UCSFFSL_02_01_16_UCSFFSL51ALL_08_01_16,1450,2405,60.2910602910603
ST107SA_UCSFFSL_02_01_16_UCSFFSL51ALL_08_01_16,1450,2405,60.2910602910603
ST107TA_UCSFFSL_02_01_16_UCSFFSL51ALL_08_01_16,1450,2405,60.2910602910603
ST107TS_UCSFFSL_02_01_16_UCSFFSL51ALL_08_01_16,1450,2405,60.2910602910603
ST108CV_UCSFFSL_02_01_16_UCSFFSL51ALL_08_01_16,1450,2405,60.2910602910603
ST108SA_UCSFFSL_02_01_16_UCSFFSL51ALL_08_01_16,1450,2405,60.2910602910603
ST108TA_UCSFFSL_02_01_16_UCSFFSL51ALL_08_01_16,1450,2405,60.2910602910603
ST108TS_UCSFFSL_02_01_16_UCSFFSL51ALL_08_01_16,1450,2405,60.2910602910603
ST109CV_UCSFFSL_02_01_16_UCSFFSL51ALL_08_01_16,1450,2405,60.2910602910603
ST109SA_UCSFFSL_02_01_16_UCSFFSL51ALL_08_01_16,1450,2405,60.2910602910603
ST109TA_UCSFFSL_02_01_16_UCSFFSL51ALL_08_01_16,1450,2405,60.2910602910603
ST109TS_UCSFFSL_02_01_16_UCSFFSL51ALL_08_01_16,1450,2405,60.2910602910603
ST10CV_UCSFFSL_02_01_16_UCSFFSL51ALL_08_01_16,1450,2405,60.2910602910603
ST110CV_UCSFFSL_02_01_16_UCSFFSL51ALL_08_01_16,1450,2405,60.2910602910603
ST110SA_UCSFFSL_02_01_16_UCSFFSL51ALL_08_01_16,1450,2405,60.2910602910603
ST110TA_UCSFFSL_02_01_16_UCSFFSL51ALL_08_01_16,1450,2405,60.2910602910603
ST110TS_UCSFFSL_02_01_16_UCSFFSL51ALL_08_01_16,1450,2405,60.2910602910603
ST111CV_UCSFFSL_02_01_16_UCSFFSL51ALL_08_01_16,1450,2405,60.2910602910603
ST111SA_UCSFFSL_02_01_16_UCSFFSL51ALL_08_01_16,1450,2405,60.2910602910603
ST111TA_UCSFFSL_02_01_16_UCSFFSL51ALL_08_01_16,1450,2405,60.2910602910603
ST111TS_UCSFFSL_02_01_16_UCSFFSL51ALL_08_01_16,1450,2405,60.2910602910603
ST112SV_UCSFFSL_02_01_16_UCSFFSL51ALL_08_01_16,1450,2405,60.2910602910603
ST113CV_UCSFFSL_02_01_16_UCSFFSL51ALL_08_01_16,1450,2405,60.2910602910603
ST113SA_UCSFFSL_02_01_16_UCSFFSL51ALL_08_01_16,1450,2405,60.2910602910603
ST113TA_UCSFFSL_02_01_16_UCSFFSL51ALL_08_01_16,1450,2405,60.2910602910603
ST113TS_UCSFFSL_02_01_16_UCSFFSL51ALL_08_01_16,1450,2405,60.2910602910603
ST114CV_UCSFFSL_02_01_16_UCSFFSL51ALL_08_01_16,1450,2405,60.2910602910603
ST114SA_UCSFFSL_02_01_16_UCSFFSL51ALL_08_01_16,1450,2405,60.2910602910603
ST114TA_UCSFFSL_02_01_16_UCSFFSL51ALL_08_01_16,1450,2405,60.2910602910603
ST114TS_UCSFFSL_02_01_16_UCSFFSL51ALL_08_01_16,1450,2405,60.2910602910603
ST115CV_UCSFFSL_02_01_16_UCSFFSL51ALL_08_01_16,1450,2405,60.2910602910603
ST115SA_UCSFFSL_02_01_16_UCSFFSL51ALL_08_01_16,1450,2405,60.2910602910603
ST115TA_UCSFFSL_02_01_16_UCSFFSL51ALL_08_01_16,1450,2405,60.2910602910603
ST115TS_UCSFFSL_02_01_16_UCSFFSL51ALL_08_01_16,1450,2405,60.2910602910603
ST116CV_UCSFFSL_02_01_16_UCSFFSL51ALL_08_01_16,1450,2405,60.2910602910603
ST116SA_UCSFFSL_02_01_16_UCSFFSL51ALL_08_01_16,1450,2405,60.2910602910603
ST116TA_UCSFFSL_02_01_16_UCSFFSL51ALL_08_01_16,1450,2405,60.2910602910603
ST116TS_UCSFFSL_02_01_16_UCSFFSL51ALL_08_01_16,1450,2405,60.2910602910603
ST117CV_UCSFFSL_02_01_16_UCSFFSL51ALL_08_01_16,1450,2405,60.2910602910603
ST117SA_UCSFFSL_02_01_16_UCSFFSL51ALL_08_01_16,1450,2405,60.2910602910603
ST117TA_UCSFFSL_02_01_16_UCSFFSL51ALL_08_01_16,1450,2405,60.2910602910603
ST117TS_UCSFFSL_02_01_16_UCSFFSL51ALL_08_01_16,1450,2405,60.2910602910603
ST118CV_UCSFFSL_02_01_16_UCSFFSL51ALL_08_01_16,1450,2405,60.2910602910603
ST118SA_UCSFFSL_02_01_16_UCSFFSL51ALL_08_01_16,1450,2405,60.2910602910603
ST118TA_UCSFFSL_02_01_16_UCSFFSL51ALL_08_01_16,1450,2405,60.2910602910603
ST118TS_UCSFFSL_02_01_16_UCSFFSL51ALL_08_01_16,1450,2405,60.2910602910603
ST119CV_UCSFFSL_02_01_16_UCSFFSL51ALL_08_01_16,1450,2405,60.2910602910603
ST119SA_UCSFFSL_02_01_16_UCSFFSL51ALL_08_01_16,1450,2405,60.2910602910603
ST119TA_UCSFFSL_02_01_16_UCSFFSL51ALL_08_01_16,1450,2405,60.2910602910603
ST119TS_UCSFFSL_02_01_16_UCSFFSL51ALL_08_01_16,1450,2405,60.2910602910603
ST11SV_UCSFFSL_02_01_16_UCSFFSL51ALL_08_01_16,1450,2405,60.2910602910603
ST120SV_UCSFFSL_02_01_16_UCSFFSL51ALL_08_01_16,1450,2405,60.2910602910603
ST121CV_UCSFFSL_02_01_16_UCSFFSL51ALL_08_01_16,1450,2405,60.2910602910603
ST121SA_UCSFFSL_02_01_16_UCSFFSL51ALL_08_01_16,1450,2405,60.2910602910603
ST121TA_UCSFFSL_02_01_16_UCSFFSL51ALL_08_01_16,1450,2405,60.2910602910603
ST121TS_UCSFFSL_02_01_16_UCSFFSL51ALL_08_01_16,1450,2405,60.2910602910603
ST122SV_UCSFFSL_02_01_16_UCSFFSL51ALL_08_01_16,2404,2405,99.95841995841997
ST123CV_UCSFFSL_02_01_16_UCSFFSL51ALL_08_01_16,1478,2405,61.45530145530146
ST123SA_UCSFFSL_02_01_16_UCSFFSL51ALL_08_01_16,1478,2405,61.45530145530146
ST123TA_UCSFFSL_02_01_16_UCSFFSL51ALL_08_01_16,1478,2405,61.45530145530146
ST123TS_UCSFFSL_02_01_16_UCSFFSL51ALL_08_01_16,1478,2405,61.45530145530146
ST124SV_UCSFFSL_02_01_16_UCSFFSL51ALL_08_01_16,1450,2405,60.2910602910603
ST125SV_UCSFFSL_02_01_16_UCSFFSL51ALL_08_01_16,1457,2405,60.58212058212058
ST126SV_UCSFFSL_02_01_16_UCSFFSL51ALL_08_01_16,2404,2405,99.95841995841997
ST127SV_UCSFFSL_02_01_16_UCSFFSL51ALL_08_01_16,1450,2405,60.2910602910603
ST128SV_UCSFFSL_02_01_16_UCSFFSL51ALL_08_01_16,1450,2405,60.2910602910603
ST129CV_UCSFFSL_02_01_16_UCSFFSL51ALL_08_01_16,1450,2405,60.2910602910603
ST129SA_UCSFFSL_02_01_16_UCSFFSL51ALL_08_01_16,1450,2405,60.2910602910603
ST129TA_UCSFFSL_02_01_16_UCSFFSL51ALL_08_01_16,1450,2405,60.2910602910603
ST129TS_UCSFFSL_02_01_16_UCSFFSL51ALL_08_01_16,1450,2405,60.2910602910603
ST12SV_UCSFFSL_02_01_16_UCSFFSL51ALL_08_01_16,1450,2405,60.2910602910603
ST130CV_UCSFFSL_02_01_16_UCSFFSL51ALL_08_01_16,1450,2405,60.2910602910603
ST130SA_UCSFFSL_02_01_16_UCSFFSL51ALL_08_01_16,1450,2405,60.2910602910603
ST130TA_UCSFFSL_02_01_16_UCSFFSL51ALL_08_01_16,1450,2405,60.2910602910603
ST130TS_UCSFFSL_02_01_16_UCSFFSL51ALL_08_01_16,1450,2405,60.2910602910603
ST13CV_UCSFFSL_02_01_16_UCSFFSL51ALL_08_01_16,1450,2405,60.2910602910603
ST13SA_UCSFFSL_02_01_16_UCSFFSL51ALL_08_01_16,1450,2405,60.2910602910603
ST13TA_UCSFFSL_02_01_16_UCSFFSL51ALL_08_01_16,1450,2405,60.2910602910603
ST13TS_UCSFFSL_02_01_16_UCSFFSL51ALL_08_01_16,1450,2405,60.2910602910603
ST14CV_UCSFFSL_02_01_16_UCSFFSL51ALL_08_01_16,1450,2405,60.2910602910603
ST14SA_UCSFFSL_02_01_16_UCSFFSL51ALL_08_01_16,1450,2405,60.2910602910603
ST14TA_UCSFFSL_02_01_16_UCSFFSL51ALL_08_01_16,1450,2405,60.2910602910603
ST14TS_UCSFFSL_02_01_16_UCSFFSL51ALL_08_01_16,1450,2405,60.2910602910603
ST15CV_UCSFFSL_02_01_16_UCSFFSL51ALL_08_01_16,1450,2405,60.2910602910603
ST15SA_UCSFFSL_02_01_16_UCSFFSL51ALL_08_01_16,1450,2405,60.2910602910603
ST15TA_UCSFFSL_02_01_16_UCSFFSL51ALL_08_01_16,1450,2405,60.2910602910603
ST15TS_UCSFFSL_02_01_16_UCSFFSL51ALL_08_01_16,1450,2405,60.2910602910603
ST16SV_UCSFFSL_02_01_16_UCSFFSL51ALL_08_01_16,1450,2405,60.2910602910603
ST17SV_UCSFFSL_02_01_16_UCSFFSL51ALL_08_01_16,1450,2405,60.2910602910603
ST18SV_UCSFFSL_02_01_16_UCSFFSL51ALL_08_01_16,1450,2405,60.2910602910603
ST19SV_UCSFFSL_02_01_16_UCSFFSL51ALL_08_01_16,1478,2405,61.45530145530146
ST1SV_UCSFFSL_02_01_16_UCSFFSL51ALL_08_01_16,1450,2405,60.2910602910603
ST20SV_UCSFFSL_02_01_16_UCSFFSL51ALL_08_01_16,1478,2405,61.45530145530146
ST21SV_UCSFFSL_02_01_16_UCSFFSL51ALL_08_01_16,1450,2405,60.2910602910603
ST22CV_UCSFFSL_02_01_16_UCSFFSL51ALL_08_01_16,2404,2405,99.95841995841997
ST22SA_UCSFFSL_02_01_16_UCSFFSL51ALL_08_01_16,2404,2405,99.95841995841997
ST22TA_UCSFFSL_02_01_16_UCSFFSL51ALL_08_01_16,2404,2405,99.95841995841997
ST22TS_UCSFFSL_02_01_16_UCSFFSL51ALL_08_01_16,2404,2405,99.95841995841997
ST23CV_UCSFFSL_02_01_16_UCSFFSL51ALL_08_01_16,1450,2405,60.2910602910603
ST23SA_UCSFFSL_02_01_16_UCSFFSL51ALL_08_01_16,1450,2405,60.2910602910603
ST23TA_UCSFFSL_02_01_16_UCSFFSL51ALL_08_01_16,1450,2405,60.2910602910603
ST23TS_UCSFFSL_02_01_16_UCSFFSL51ALL_08_01_16,1450,2405,60.2910602910603
ST24CV_UCSFFSL_02_01_16_UCSFFSL51ALL_08_01_16,1450,2405,60.2910602910603
ST24SA_UCSFFSL_02_01_16_UCSFFSL51ALL_08_01_16,1450,2405,60.2910602910603
ST24TA_UCSFFSL_02_01_16_UCSFFSL51ALL_08_01_16,1450,2405,60.2910602910603
ST24TS_UCSFFSL_02_01_16_UCSFFSL51ALL_08_01_16,1450,2405,60.2910602910603
ST25CV_UCSFFSL_02_01_16_UCSFFSL51ALL_08_01_16,1450,2405,60.2910602910603
ST25SA_UCSFFSL_02_01_16_UCSFFSL51ALL_08_01_16,1450,2405,60.2910602910603
ST25TA_UCSFFSL_02_01_16_UCSFFSL51ALL_08_01_16,1450,2405,60.2910602910603
ST25TS_UCSFFSL_02_01_16_UCSFFSL51ALL_08_01_16,1450,2405,60.2910602910603
ST26CV_UCSFFSL_02_01_16_UCSFFSL51ALL_08_01_16,1450,2405,60.2910602910603
ST26SA_UCSFFSL_02_01_16_UCSFFSL51ALL_08_01_16,1450,2405,60.2910602910603
ST26TA_UCSFFSL_02_01_16_UCSFFSL51ALL_08_01_16,1450,2405,60.2910602910603
ST26TS_UCSFFSL_02_01_16_UCSFFSL51ALL_08_01_16,1450,2405,60.2910602910603
ST27SA_UCSFFSL_02_01_16_UCSFFSL51ALL_08_01_16,1478,2405,61.45530145530146
ST28CV_UCSFFSL_02_01_16_UCSFFSL51ALL_08_01_16,2404,2405,99.95841995841997
ST29SV_UCSFFSL_02_01_16_UCSFFSL51ALL_08_01_16,1450,2405,60.2910602910603
ST2SV_UCSFFSL_02_01_16_UCSFFSL51ALL_08_01_16,1450,2405,60.2910602910603
ST30SV_UCSFFSL_02_01_16_UCSFFSL51ALL_08_01_16,1450,2405,60.2910602910603
ST31CV_UCSFFSL_02_01_16_UCSFFSL51ALL_08_01_16,1450,2405,60.2910602910603
ST31SA_UCSFFSL_02_01_16_UCSFFSL51ALL_08_01_16,1450,2405,60.2910602910603
ST31TA_UCSFFSL_02_01_16_UCSFFSL51ALL_08_01_16,1450,2405,60.2910602910603
ST31TS_UCSFFSL_02_01_16_UCSFFSL51ALL_08_01_16,1450,2405,60.2910602910603
ST32CV_UCSFFSL_02_01_16_UCSFFSL51ALL_08_01_16,1450,2405,60.2910602910603
ST32SA_UCSFFSL_02_01_16_UCSFFSL51ALL_08_01_16,1450,2405,60.2910602910603
ST32TA_UCSFFSL_02_01_16_UCSFFSL51ALL_08_01_16,1450,2405,60.2910602910603
ST32TS_UCSFFSL_02_01_16_UCSFFSL51ALL_08_01_16,1450,2405,60.2910602910603
ST33SV_UCSFFSL_02_01_16_UCSFFSL51ALL_08_01_16,2404,2405,99.95841995841997
ST34CV_UCSFFSL_02_01_16_UCSFFSL51ALL_08_01_16,1450,2405,60.2910602910603
ST34SA_UCSFFSL_02_01_16_UCSFFSL51ALL_08_01_16,1450,2405,60.2910602910603
ST34TA_UCSFFSL_02_01_16_UCSFFSL51ALL_08_01_16,1450,2405,60.2910602910603
ST34TS_UCSFFSL_02_01_16_UCSFFSL51ALL_08_01_16,1450,2405,60.2910602910603
ST35CV_UCSFFSL_02_01_16_UCSFFSL51ALL_08_01_16,1450,2405,60.2910602910603
ST35SA_UCSFFSL_02_01_16_UCSFFSL51ALL_08_01_16,1450,2405,60.2910602910603
ST35TA_UCSFFSL_02_01_16_UCSFFSL51ALL_08_01_16,1450,2405,60.2910602910603
ST35TS_UCSFFSL_02_01_16_UCSFFSL51ALL_08_01_16,1450,2405,60.2910602910603
ST36CV_UCSFFSL_02_01_16_UCSFFSL51ALL_08_01_16,1450,2405,60.2910602910603
ST36SA_UCSFFSL_02_01_16_UCSFFSL51ALL_08_01_16,1450,2405,60.2910602910603
ST36TA_UCSFFSL_02_01_16_UCSFFSL51ALL_08_01_16,1450,2405,60.2910602910603
ST36TS_UCSFFSL_02_01_16_UCSFFSL51ALL_08_01_16,1450,2405,60.2910602910603
ST37SV_UCSFFSL_02_01_16_UCSFFSL51ALL_08_01_16,1450,2405,60.2910602910603
ST38CV_UCSFFSL_02_01_16_UCSFFSL51ALL_08_01_16,1450,2405,60.2910602910603
ST38SA_UCSFFSL_02_01_16_UCSFFSL51ALL_08_01_16,1450,2405,60.2910602910603
ST38TA_UCSFFSL_02_01_16_UCSFFSL51ALL_08_01_16,1450,2405,60.2910602910603
ST38TS_UCSFFSL_02_01_16_UCSFFSL51ALL_08_01_16,1450,2405,60.2910602910603
ST39CV_UCSFFSL_02_01_16_UCSFFSL51ALL_08_01_16,1450,2405,60.2910602910603
ST39SA_UCSFFSL_02_01_16_UCSFFSL51ALL_08_01_16,1450,2405,60.2910602910603
ST39TA_UCSFFSL_02_01_16_UCSFFSL51ALL_08_01_16,1450,2405,60.2910602910603
ST39TS_UCSFFSL_02_01_16_UCSFFSL51ALL_08_01_16,1450,2405,60.2910602910603
ST3SV_UCSFFSL_02_01_16_UCSFFSL51ALL_08_01_16,1450,2405,60.2910602910603
ST40CV_UCSFFSL_02_01_16_UCSFFSL51ALL_08_01_16,1450,2405,60.2910602910603
ST40SA_UCSFFSL_02_01_16_UCSFFSL51ALL_08_01_16,1450,2405,60.2910602910603
ST40TA_UCSFFSL_02_01_16_UCSFFSL51ALL_08_01_16,1450,2405,60.2910602910603
ST40TS_UCSFFSL_02_01_16_UCSFFSL51ALL_08_01_16,1450,2405,60.2910602910603
ST41SV_UCSFFSL_02_01_16_UCSFFSL51ALL_08_01_16,2404,2405,99.95841995841997
ST42SV_UCSFFSL_02_01_16_UCSFFSL51ALL_08_01_16,1450,2405,60.2910602910603
ST43CV_UCSFFSL_02_01_16_UCSFFSL51ALL_08_01_16,1450,2405,60.2910602910603
ST43SA_UCSFFSL_02_01_16_UCSFFSL51ALL_08_01_16,1450,2405,60.2910602910603
ST43TA_UCSFFSL_02_01_16_UCSFFSL51ALL_08_01_16,1450,2405,60.2910602910603
ST43TS_UCSFFSL_02_01_16_UCSFFSL51ALL_08_01_16,1450,2405,60.2910602910603
ST44CV_UCSFFSL_02_01_16_UCSFFSL51ALL_08_01_16,1450,2405,60.2910602910603
ST44SA_UCSFFSL_02_01_16_UCSFFSL51ALL_08_01_16,1450,2405,60.2910602910603
ST44TA_UCSFFSL_02_01_16_UCSFFSL51ALL_08_01_16,1450,2405,60.2910602910603
ST44TS_UCSFFSL_02_01_16_UCSFFSL51ALL_08_01_16,1450,2405,60.2910602910603
ST45CV_UCSFFSL_02_01_16_UCSFFSL51ALL_08_01_16,1450,2405,60.2910602910603
ST45SA_UCSFFSL_02_01_16_UCSFFSL51ALL_08_01_16,1450,2405,60.2910602910603
ST45TA_UCSFFSL_02_01_16_UCSFFSL51ALL_08_01_16,1450,2405,60.2910602910603
ST45TS_UCSFFSL_02_01_16_UCSFFSL51ALL_08_01_16,1450,2405,60.2910602910603
ST46CV_UCSFFSL_02_01_16_UCSFFSL51ALL_08_01_16,1450,2405,60.2910602910603
ST46SA_UCSFFSL_02_01_16_UCSFFSL51ALL_08_01_16,1450,2405,60.2910602910603
ST46TA_UCSFFSL_02_01_16_UCSFFSL51ALL_08_01_16,1450,2405,60.2910602910603
ST46TS_UCSFFSL_02_01_16_UCSFFSL51ALL_08_01_16,1450,2405,60.2910602910603
ST47CV_UCSFFSL_02_01_16_UCSFFSL51ALL_08_01_16,1450,2405,60.2910602910603
ST47SA_UCSFFSL_02_01_16_UCSFFSL51ALL_08_01_16,1450,2405,60.2910602910603
ST47TA_UCSFFSL_02_01_16_UCSFFSL51ALL_08_01_16,1450,2405,60.2910602910603
ST47TS_UCSFFSL_02_01_16_UCSFFSL51ALL_08_01_16,1450,2405,60.2910602910603
ST48CV_UCSFFSL_02_01_16_UCSFFSL51ALL_08_01_16,1450,2405,60.2910602910603
ST48SA_UCSFFSL_02_01_16_UCSFFSL51ALL_08_01_16,1450,2405,60.2910602910603
ST48TA_UCSFFSL_02_01_16_UCSFFSL51ALL_08_01_16,1450,2405,60.2910602910603
ST48TS_UCSFFSL_02_01_16_UCSFFSL51ALL_08_01_16,1450,2405,60.2910602910603
ST49CV_UCSFFSL_02_01_16_UCSFFSL51ALL_08_01_16,1450,2405,60.2910602910603
ST49SA_UCSFFSL_02_01_16_UCSFFSL51ALL_08_01_16,1450,2405,60.2910602910603
ST49TA_UCSFFSL_02_01_16_UCSFFSL51ALL_08_01_16,1450,2405,60.2910602910603
ST49TS_UCSFFSL_02_01_16_UCSFFSL51ALL_08_01_16,1450,2405,60.2910602910603
ST4SV_UCSFFSL_02_01_16_UCSFFSL51ALL_08_01_16,1450,2405,60.2910602910603
ST50CV_UCSFFSL_02_01_16_UCSFFSL51ALL_08_01_16,1450,2405,60.2910602910603
ST50SA_UCSFFSL_02_01_16_UCSFFSL51ALL_08_01_16,1450,2405,60.2910602910603
ST50TA_UCSFFSL_02_01_16_UCSFFSL51ALL_08_01_16,1450,2405,60.2910602910603
ST50TS_UCSFFSL_02_01_16_UCSFFSL51ALL_08_01_16,1450,2405,60.2910602910603
ST51CV_UCSFFSL_02_01_16_UCSFFSL51ALL_08_01_16,1450,2405,60.2910602910603
ST51SA_UCSFFSL_02_01_16_UCSFFSL51ALL_08_01_16,1450,2405,60.2910602910603
ST51TA_UCSFFSL_02_01_16_UCSFFSL51ALL_08_01_16,1450,2405,60.2910602910603
ST51TS_UCSFFSL_02_01_16_UCSFFSL51ALL_08_01_16,1450,2405,60.2910602910603
ST52CV_UCSFFSL_02_01_16_UCSFFSL51ALL_08_01_16,1450,2405,60.2910602910603
ST52SA_UCSFFSL_02_01_16_UCSFFSL51ALL_08_01_16,1450,2405,60.2910602910603
ST52TA_UCSFFSL_02_01_16_UCSFFSL51ALL_08_01_16,1450,2405,60.2910602910603
ST52TS_UCSFFSL_02_01_16_UCSFFSL51ALL_08_01_16,1450,2405,60.2910602910603
ST53SV_UCSFFSL_02_01_16_UCSFFSL51ALL_08_01_16,1450,2405,60.2910602910603
ST54CV_UCSFFSL_02_01_16_UCSFFSL51ALL_08_01_16,1450,2405,60.2910602910603
ST54SA_UCSFFSL_02_01_16_UCSFFSL51ALL_08_01_16,1450,2405,60.2910602910603
ST54TA_UCSFFSL_02_01_16_UCSFFSL51ALL_08_01_16,1450,2405,60.2910602910603
ST54TS_UCSFFSL_02_01_16_UCSFFSL51ALL_08_01_16,1450,2405,60.2910602910603
ST55CV_UCSFFSL_02_01_16_UCSFFSL51ALL_08_01_16,1450,2405,60.2910602910603
ST55SA_UCSFFSL_02_01_16_UCSFFSL51ALL_08_01_16,1450,2405,60.2910602910603
ST55TA_UCSFFSL_02_01_16_UCSFFSL51ALL_08_01_16,1450,2405,60.2910602910603
ST55TS_UCSFFSL_02_01_16_UCSFFSL51ALL_08_01_16,1450,2405,60.2910602910603
ST56CV_UCSFFSL_02_01_16_UCSFFSL51ALL_08_01_16,1450,2405,60.2910602910603
ST56SA_UCSFFSL_02_01_16_UCSFFSL51ALL_08_01_16,1450,2405,60.2910602910603
ST56TA_UCSFFSL_02_01_16_UCSFFSL51ALL_08_01_16,1450,2405,60.2910602910603
ST56TS_UCSFFSL_02_01_16_UCSFFSL51ALL_08_01_16,1450,2405,60.2910602910603
ST57CV_UCSFFSL_02_01_16_UCSFFSL51ALL_08_01_16,1450,2405,60.2910602910603
ST57SA_UCSFFSL_02_01_16_UCSFFSL51ALL_08_01_16,1450,2405,60.2910602910603
ST57TA_UCSFFSL_02_01_16_UCSFFSL51ALL_08_01_16,1450,2405,60.2910602910603
ST57TS_UCSFFSL_02_01_16_UCSFFSL51ALL_08_01_16,1450,2405,60.2910602910603
ST58CV_UCSFFSL_02_01_16_UCSFFSL51ALL_08_01_16,1450,2405,60.2910602910603
ST58SA_UCSFFSL_02_01_16_UCSFFSL51ALL_08_01_16,1450,2405,60.2910602910603
ST58TA_UCSFFSL_02_01_16_UCSFFSL51ALL_08_01_16,1450,2405,60.2910602910603
ST58TS_UCSFFSL_02_01_16_UCSFFSL51ALL_08_01_16,1450,2405,60.2910602910603
ST59CV_UCSFFSL_02_01_16_UCSFFSL51ALL_08_01_16,1450,2405,60.2910602910603
ST59SA_UCSFFSL_02_01_16_UCSFFSL51ALL_08_01_16,1450,2405,60.2910602910603
ST59TA_UCSFFSL_02_01_16_UCSFFSL51ALL_08_01_16,1450,2405,60.2910602910603
ST59TS_UCSFFSL_02_01_16_UCSFFSL51ALL_08_01_16,1450,2405,60.2910602910603
ST5SV_UCSFFSL_02_01_16_UCSFFSL51ALL_08_01_16,1450,2405,60.2910602910603
ST60CV_UCSFFSL_02_01_16_UCSFFSL51ALL_08_01_16,1450,2405,60.2910602910603
ST60SA_UCSFFSL_02_01_16_UCSFFSL51ALL_08_01_16,1450,2405,60.2910602910603
ST60TA_UCSFFSL_02_01_16_UCSFFSL51ALL_08_01_16,1450,2405,60.2910602910603
ST60TS_UCSFFSL_02_01_16_UCSFFSL51ALL_08_01_16,1450,2405,60.2910602910603
ST61SV_UCSFFSL_02_01_16_UCSFFSL51ALL_08_01_16,1450,2405,60.2910602910603
ST62CV_UCSFFSL_02_01_16_UCSFFSL51ALL_08_01_16,1450,2405,60.2910602910603
ST62SA_UCSFFSL_02_01_16_UCSFFSL51ALL_08_01_16,1450,2405,60.2910602910603
ST62TA_UCSFFSL_02_01_16_UCSFFSL51ALL_08_01_16,1450,2405,60.2910602910603
ST62TS_UCSFFSL_02_01_16_UCSFFSL51ALL_08_01_16,1450,2405,60.2910602910603
ST63SV_UCSFFSL_02_01_16_UCSFFSL51ALL_08_01_16,2404,2405,99.95841995841997
ST64CV_UCSFFSL_02_01_16_UCSFFSL51ALL_08_01_16,1478,2405,61.45530145530146
ST64SA_UCSFFSL_02_01_16_UCSFFSL51ALL_08_01_16,1478,2405,61.45530145530146
ST64TA_UCSFFSL_02_01_16_UCSFFSL51ALL_08_01_16,1478,2405,61.45530145530146
ST64TS_UCSFFSL_02_01_16_UCSFFSL51ALL_08_01_16,1478,2405,61.45530145530146
ST65SV_UCSFFSL_02_01_16_UCSFFSL51ALL_08_01_16,1450,2405,60.2910602910603
ST66SV_UCSFFSL_02_01_16_UCSFFSL51ALL_08_01_16,1450,2405,60.2910602910603
ST67SV_UCSFFSL_02_01_16_UCSFFSL51ALL_08_01_16,2404,2405,99.95841995841997
ST68SV_UCSFFSL_02_01_16_UCSFFSL51ALL_08_01_16,1450,2405,60.2910602910603
ST69SV_UCSFFSL_02_01_16_UCSFFSL51ALL_08_01_16,1450,2405,60.2910602910603
ST6SV_UCSFFSL_02_01_16_UCSFFSL51ALL_08_01_16,1450,2405,60.2910602910603
ST70SV_UCSFFSL_02_01_16_UCSFFSL51ALL_08_01_16,1450,2405,60.2910602910603
ST71SV_UCSFFSL_02_01_16_UCSFFSL51ALL_08_01_16,1450,2405,60.2910602910603
ST72CV_UCSFFSL_02_01_16_UCSFFSL51ALL_08_01_16,1450,2405,60.2910602910603
ST72SA_UCSFFSL_02_01_16_UCSFFSL51ALL_08_01_16,1450,2405,60.2910602910603
ST72TA_UCSFFSL_02_01_16_UCSFFSL51ALL_08_01_16,1450,2405,60.2910602910603
ST72TS_UCSFFSL_02_01_16_UCSFFSL51ALL_08_01_16,1450,2405,60.2910602910603
ST73CV_UCSFFSL_02_01_16_UCSFFSL51ALL_08_01_16,1450,2405,60.2910602910603
ST73SA_UCSFFSL_02_01_16_UCSFFSL51ALL_08_01_16,1450,2405,60.2910602910603
ST73TA_UCSFFSL_02_01_16_UCSFFSL51ALL_08_01_16,1450,2405,60.2910602910603
ST73TS_UCSFFSL_02_01_16_UCSFFSL51ALL_08_01_16,1450,2405,60.2910602910603
ST74CV_UCSFFSL_02_01_16_UCSFFSL51ALL_08_01_16,1450,2405,60.2910602910603
ST74SA_UCSFFSL_02_01_16_UCSFFSL51ALL_08_01_16,1450,2405,60.2910602910603
ST74TA_UCSFFSL_02_01_16_UCSFFSL51ALL_08_01_16,1450,2405,60.2910602910603
ST74TS_UCSFFSL_02_01_16_UCSFFSL51ALL_08_01_16,1450,2405,60.2910602910603
ST75SV_UCSFFSL_02_01_16_UCSFFSL51ALL_08_01_16,1450,2405,60.2910602910603
ST76SV_UCSFFSL_02_01_16_UCSFFSL51ALL_08_01_16,1450,2405,60.2910602910603
ST77SV_UCSFFSL_02_01_16_UCSFFSL51ALL_08_01_16,1450,2405,60.2910602910603
ST78SV_UCSFFSL_02_01_16_UCSFFSL51ALL_08_01_16,1478,2405,61.45530145530146
ST79SV_UCSFFSL_02_01_16_UCSFFSL51ALL_08_01_16,1478,2405,61.45530145530146
ST7SV_UCSFFSL_02_01_16_UCSFFSL51ALL_08_01_16,1450,2405,60.2910602910603
ST80SV_UCSFFSL_02_01_16_UCSFFSL51ALL_08_01_16,1450,2405,60.2910602910603
ST81CV_UCSFFSL_02_01_16_UCSFFSL51ALL_08_01_16,2404,2405,99.95841995841997
ST81SA_UCSFFSL_02_01_16_UCSFFSL51ALL_08_01_16,2404,2405,99.95841995841997
ST81TA_UCSFFSL_02_01_16_UCSFFSL51ALL_08_01_16,2404,2405,99.95841995841997
ST81TS_UCSFFSL_02_01_16_UCSFFSL51ALL_08_01_16,2404,2405,99.95841995841997
ST82CV_UCSFFSL_02_01_16_UCSFFSL51ALL_08_01_16,1450,2405,60.2910602910603
ST82SA_UCSFFSL_02_01_16_UCSFFSL51ALL_08_01_16,1450,2405,60.2910602910603
ST82TA_UCSFFSL_02_01_16_UCSFFSL51ALL_08_01_16,1450,2405,60.2910602910603
ST82TS_UCSFFSL_02_01_16_UCSFFSL51ALL_08_01_16,1450,2405,60.2910602910603
ST83CV_UCSFFSL_02_01_16_UCSFFSL51ALL_08_01_16,1450,2405,60.2910602910603
ST83SA_UCSFFSL_02_01_16_UCSFFSL51ALL_08_01_16,1450,2405,60.2910602910603
ST83TA_UCSFFSL_02_01_16_UCSFFSL51ALL_08_01_16,1450,2405,60.2910602910603
ST83TS_UCSFFSL_02_01_16_UCSFFSL51ALL_08_01_16,1450,2405,60.2910602910603
ST84CV_UCSFFSL_02_01_16_UCSFFSL51ALL_08_01_16,1450,2405,60.2910602910603
ST84SA_UCSFFSL_02_01_16_UCSFFSL51ALL_08_01_16,1450,2405,60.2910602910603
ST84TA_UCSFFSL_02_01_16_UCSFFSL51ALL_08_01_16,1450,2405,60.2910602910603
ST84TS_UCSFFSL_02_01_16_UCSFFSL51ALL_08_01_16,1450,2405,60.2910602910603
ST85CV_UCSFFSL_02_01_16_UCSFFSL51ALL_08_01_16,1450,2405,60.2910602910603
ST85SA_UCSFFSL_02_01_16_UCSFFSL51ALL_08_01_16,1450,2405,60.2910602910603
ST85TA_UCSFFSL_02_01_16_UCSFFSL51ALL_08_01_16,1450,2405,60.2910602910603
ST85TS_UCSFFSL_02_01_16_UCSFFSL51ALL_08_01_16,1450,2405,60.2910602910603
ST86SA_UCSFFSL_02_01_16_UCSFFSL51ALL_08_01_16,1478,2405,61.45530145530146
ST87CV_UCSFFSL_02_01_16_UCSFFSL51ALL_08_01_16,2404,2405,99.95841995841997
ST88SV_UCSFFSL_02_01_16_UCSFFSL51ALL_08_01_16,1450,2405,60.2910602910603
ST89SV_UCSFFSL_02_01_16_UCSFFSL51ALL_08_01_16,1451,2405,60.33264033264033
ST8SV_UCSFFSL_02_01_16_UCSFFSL51ALL_08_01_16,1869,2405,77.71309771309771
ST90CV_UCSFFSL_02_01_16_UCSFFSL51ALL_08_01_16,1450,2405,60.2910602910603
ST90SA_UCSFFSL_02_01_16_UCSFFSL51ALL_08_01_16,1450,2405,60.2910602910603
ST90TA_UCSFFSL_02_01_16_UCSFFSL51ALL_08_01_16,1450,2405,60.2910602910603
ST90TS_UCSFFSL_02_01_16_UCSFFSL51ALL_08_01_16,1450,2405,60.2910602910603
ST91CV_UCSFFSL_02_01_16_UCSFFSL51ALL_08_01_16,1450,2405,60.2910602910603
ST91SA_UCSFFSL_02_01_16_UCSFFSL51ALL_08_01_16,1450,2405,60.2910602910603
ST91TA_UCSFFSL_02_01_16_UCSFFSL51ALL_08_01_16,1450,2405,60.2910602910603
ST91TS_UCSFFSL_02_01_16_UCSFFSL51ALL_08_01_16,1450,2405,60.2910602910603
ST92SV_UCSFFSL_02_01_16_UCSFFSL51ALL_08_01_16,2404,2405,99.95841995841997
ST93CV_UCSFFSL_02_01_16_UCSFFSL51ALL_08_01_16,1450,2405,60.2910602910603
ST93SA_UCSFFSL_02_01_16_UCSFFSL51ALL_08_01_16,1450,2405,60.2910602910603
ST93TA_UCSFFSL_02_01_16_UCSFFSL51ALL_08_01_16,1450,2405,60.2910602910603
ST93TS_UCSFFSL_02_01_16_UCSFFSL51ALL_08_01_16,1450,2405,60.2910602910603
ST94CV_UCSFFSL_02_01_16_UCSFFSL51ALL_08_01_16,1450,2405,60.2910602910603
ST94SA_UCSFFSL_02_01_16_UCSFFSL51ALL_08_01_16,1450,2405,60.2910602910603
ST94TA_UCSFFSL_02_01_16_UCSFFSL51ALL_08_01_16,1450,2405,60.2910602910603
ST94TS_UCSFFSL_02_01_16_UCSFFSL51ALL_08_01_16,1450,2405,60.2910602910603
ST95CV_UCSFFSL_02_01_16_UCSFFSL51ALL_08_01_16,1450,2405,60.2910602910603
ST95SA_UCSFFSL_02_01_16_UCSFFSL51ALL_08_01_16,1450,2405,60.2910602910603
ST95TA_UCSFFSL_02_01_16_UCSFFSL51ALL_08_01_16,1450,2405,60.2910602910603
ST95TS_UCSFFSL_02_01_16_UCSFFSL51ALL_08_01_16,1450,2405,60.2910602910603
ST96SV_UCSFFSL_02_01_16_UCSFFSL51ALL_08_01_16,1450,2405,60.2910602910603
ST97CV_UCSFFSL_02_01_16_UCSFFSL51ALL_08_01_16,1450,2405,60.2910602910603
ST97SA_UCSFFSL_02_01_16_UCSFFSL51ALL_08_01_16,1450,2405,60.2910602910603
ST97TA_UCSFFSL_02_01_16_UCSFFSL51ALL_08_01_16,1450,2405,60.2910602910603
ST97TS_UCSFFSL_02_01_16_UCSFFSL51ALL_08_01_16,1450,2405,60.2910602910603
ST98CV_UCSFFSL_02_01_16_UCSFFSL51ALL_08_01_16,1450,2405,60.2910602910603
ST98SA_UCSFFSL_02_01_16_UCSFFSL51ALL_08_01_16,1450,2405,60.2910602910603
ST98TA_UCSFFSL_02_01_16_UCSFFSL51ALL_08_01_16,1450,2405,60.2910602910603
ST98TS_UCSFFSL_02_01_16_UCSFFSL51ALL_08_01_16,1450,2405,60.2910602910603
ST99CV_UCSFFSL_02_01_16_UCSFFSL51ALL_08_01_16,1450,2405,60.2910602910603
ST99SA_UCSFFSL_02_01_16_UCSFFSL51ALL_08_01_16,1450,2405,60.2910602910603
ST99TA_UCSFFSL_02_01_16_UCSFFSL51ALL_08_01_16,1450,2405,60.2910602910603
ST99TS_UCSFFSL_02_01_16_UCSFFSL51ALL_08_01_16,1450,2405,60.2910602910603
ST9SV_UCSFFSL_02_01_16_UCSFFSL51ALL_08_01_16,1450,2405,60.2910602910603
VERSION_BAIPETNMRC_09_12_16,1677,2405,69.72972972972973
LONIUID_BAIPETNMRC_09_12_16,1677,2405,69.72972972972973
HIPPL01_BAIPETNMRC_09_12_16,2310,2405,96.04989604989605
FRTSUPL01_BAIPETNMRC_09_12_16,2310,2405,96.04989604989605
FRTMIDL01_BAIPETNMRC_09_12_16,2310,2405,96.04989604989605
PARAHIPL01_BAIPETNMRC_09_12_16,2310,2405,96.04989604989605
FUSFRML01_BAIPETNMRC_09_12_16,2310,2405,96.04989604989605
OCCMIDL01_BAIPETNMRC_09_12_16,2310,2405,96.04989604989605
ANGULL01_BAIPETNMRC_09_12_16,2280,2405,94.8024948024948
PARIINFL01_BAIPETNMRC_09_12_16,2280,2405,94.8024948024948
SUPMRGL01_BAIPETNMRC_09_12_16,2310,2405,96.04989604989605
TMPMIDL01_BAIPETNMRC_09_12_16,2310,2405,96.04989604989605
PRECUNL01_BAIPETNMRC_09_12_16,2280,2405,94.8024948024948
CINGPSTL01_BAIPETNMRC_09_12_16,2280,2405,94.8024948024948
PARAHIPR01_BAIPETNMRC_09_12_16,2310,2405,96.04989604989605
FRTSUPR01_BAIPETNMRC_09_12_16,2310,2405,96.04989604989605
OCCMIDR01_BAIPETNMRC_09_12_16,2310,2405,96.04989604989605
FUSFRMR01_BAIPETNMRC_09_12_16,2310,2405,96.04989604989605
FRTMIDR01_BAIPETNMRC_09_12_16,2310,2405,96.04989604989605
ANGULR01_BAIPETNMRC_09_12_16,2280,2405,94.8024948024948
PARIINFR01_BAIPETNMRC_09_12_16,2310,2405,96.04989604989605
TMPMIDR01_BAIPETNMRC_09_12_16,2310,2405,96.04989604989605
SUPMRGR01_BAIPETNMRC_09_12_16,2310,2405,96.04989604989605
PRCUNSR01_BAIPETNMRC_09_12_16,2280,2405,94.8024948024948
HIPPR01_BAIPETNMRC_09_12_16,2404,2405,99.95841995841997
LINGUALL01_BAIPETNMRC_09_12_16,2404,2405,99.95841995841997
LINGUALR01_BAIPETNMRC_09_12_16,2404,2405,99.95841995841997
CINGPSTR01_BAIPETNMRC_09_12_16,2404,2405,99.95841995841997
FRTINFL01_BAIPETNMRC_09_12_16,2404,2405,99.95841995841997
FRTINFR01_BAIPETNMRC_09_12_16,2404,2405,99.95841995841997
PARISUPL01_BAIPETNMRC_09_12_16,2404,2405,99.95841995841997
PARISUPR01_BAIPETNMRC_09_12_16,2404,2405,99.95841995841997
INSULAL01_BAIPETNMRC_09_12_16,2404,2405,99.95841995841997
INSULAR01_BAIPETNMRC_09_12_16,2404,2405,99.95841995841997
CINGANTL01_BAIPETNMRC_09_12_16,2404,2405,99.95841995841997
CINGANTR01_BAIPETNMRC_09_12_16,2404,2405,99.95841995841997
CINGMIDL01_BAIPETNMRC_09_12_16,2404,2405,99.95841995841997
CINGMIDR01_BAIPETNMRC_09_12_16,2404,2405,99.95841995841997
TMPSUPL01_BAIPETNMRC_09_12_16,2404,2405,99.95841995841997
TMPSUPR01_BAIPETNMRC_09_12_16,2404,2405,99.95841995841997
TMPINFL01_BAIPETNMRC_09_12_16,2404,2405,99.95841995841997
TMPINFR01_BAIPETNMRC_09_12_16,2280,2405,94.8024948024948
FRTSUPL02_BAIPETNMRC_09_12_16,2310,2405,96.04989604989605
FRTMIDL02_BAIPETNMRC_09_12_16,2310,2405,96.04989604989605
CINGPSTL02_BAIPETNMRC_09_12_16,2280,2405,94.8024948024948
CINGMIDL02_BAIPETNMRC_09_12_16,2310,2405,96.04989604989605
FRTSMEDL02_BAIPETNMRC_09_12_16,2310,2405,96.04989604989605
FUSFRML02_BAIPETNMRC_09_12_16,2310,2405,96.04989604989605
TMPMIDL02_BAIPETNMRC_09_12_16,2310,2405,96.04989604989605
OCCMIDL02_BAIPETNMRC_09_12_16,2310,2405,96.04989604989605
TMPINFL02_BAIPETNMRC_09_12_16,2280,2405,94.8024948024948
PRECUNL02_BAIPETNMRC_09_12_16,2310,2405,96.04989604989605
CINGANTL02_BAIPETNMRC_09_12_16,2310,2405,96.04989604989605
FRTMIDOR02_BAIPETNMRC_09_12_16,2310,2405,96.04989604989605
FRTMIDR02_BAIPETNMRC_09_12_16,2310,2405,96.04989604989605
FRTSUPR02_BAIPETNMRC_09_12_16,2310,2405,96.04989604989605
ANGULR02_BAIPETNMRC_09_12_16,2310,2405,96.04989604989605
ANGULL02_BAIPETNMRC_09_12_16,2280,2405,94.8024948024948
PARIINFR02_BAIPETNMRC_09_12_16,2280,2405,94.8024948024948
TMPMIDR02_BAIPETNMRC_09_12_16,2310,2405,96.04989604989605
INSULAR02_BAIPETNMRC_09_12_16,2310,2405,96.04989604989605
TMPPOSR02_BAIPETNMRC_09_12_16,2310,2405,96.04989604989605
CINGANTR02_BAIPETNMRC_09_12_16,2310,2405,96.04989604989605
CINGMIDR02_BAIPETNMRC_09_12_16,2310,2405,96.04989604989605
PRECUNR02_BAIPETNMRC_09_12_16,2280,2405,94.8024948024948
RECTUSR02_BAIPETNMRC_09_12_16,2310,2405,96.04989604989605
CINGPSTR02_BAIPETNMRC_09_12_16,2404,2405,99.95841995841997
PARIINFL02_BAIPETNMRC_09_12_16,2404,2405,99.95841995841997
INSULAL02_BAIPETNMRC_09_12_16,2404,2405,99.95841995841997
FRTINFL02_BAIPETNMRC_09_12_16,2404,2405,99.95841995841997
FRTINFR02_BAIPETNMRC_09_12_16,2404,2405,99.95841995841997
OCCMIDR02_BAIPETNMRC_09_12_16,2404,2405,99.95841995841997
FRTMIDOL02_BAIPETNMRC_09_12_16,2404,2405,99.95841995841997
FRTSMEDR02_BAIPETNMRC_09_12_16,2404,2405,99.95841995841997
FUSFMR02_BAIPETNMRC_09_12_16,2404,2405,99.95841995841997
RECTUSL02_BAIPETNMRC_09_12_16,2404,2405,99.95841995841997
TMPPOSL02_BAIPETNMRC_09_12_16,2404,2405,99.95841995841997
PARISUPL02_BAIPETNMRC_09_12_16,2404,2405,99.95841995841997
PARISUPR02_BAIPETNMRC_09_12_16,2404,2405,99.95841995841997
SUPMRGL02_BAIPETNMRC_09_12_16,2404,2405,99.95841995841997
SUPMRGR02_BAIPETNMRC_09_12_16,2404,2405,99.95841995841997
TMPINFR02_BAIPETNMRC_09_12_16,2404,2405,99.95841995841997
FRTMIDL03_BAIPETNMRC_09_12_16,2404,2405,99.95841995841997
FRTMIDR03_BAIPETNMRC_09_12_16,2404,2405,99.95841995841997
FRTSUPL03_BAIPETNMRC_09_12_16,2404,2405,99.95841995841997
FRTSUPR03_BAIPETNMRC_09_12_16,2404,2405,99.95841995841997
FRTSMEDL03_BAIPETNMRC_09_12_16,2404,2405,99.95841995841997
FRTSMEDR03_BAIPETNMRC_09_12_16,2404,2405,99.95841995841997
TMPSUPL03_BAIPETNMRC_09_12_16,2404,2405,99.95841995841997
TMPSUPR03_BAIPETNMRC_09_12_16,2366,2405,98.37837837837839
TMPMIDL03_BAIPETNMRC_09_12_16,2378,2405,98.87733887733889
TMPMIDR03_BAIPETNMRC_09_12_16,2378,2405,98.87733887733889
TMPINFL03_BAIPETNMRC_09_12_16,2378,2405,98.87733887733889
TMPINFR03_BAIPETNMRC_09_12_16,2378,2405,98.87733887733889
FUSFRML03_BAIPETNMRC_09_12_16,2404,2405,99.95841995841997
FUSFRMR03_BAIPETNMRC_09_12_16,2404,2405,99.95841995841997
LINGUALL03_BAIPETNMRC_09_12_16,2404,2405,99.95841995841997
LINGUALR03_BAIPETNMRC_09_12_16,2404,2405,99.95841995841997
PARAHIPL03_BAIPETNMRC_09_12_16,2404,2405,99.95841995841997
PARAHIPR03_BAIPETNMRC_09_12_16,2404,2405,99.95841995841997
PARISUPL03_BAIPETNMRC_09_12_16,2404,2405,99.95841995841997
PARISUPR03_BAIPETNMRC_09_12_16,2404,2405,99.95841995841997
PARIINFL03_BAIPETNMRC_09_12_16,2378,2405,98.87733887733889
PARIINFR03_BAIPETNMRC_09_12_16,2378,2405,98.87733887733889
PRECUNL03_BAIPETNMRC_09_12_16,2366,2405,98.37837837837839
PRECUNR03_BAIPETNMRC_09_12_16,2378,2405,98.87733887733889
CINGANT03_BAIPETNMRC_09_12_16,2378,2405,98.87733887733889
CINGMID03_BAIPETNMRC_09_12_16,2378,2405,98.87733887733889
CINGPST03_BAIPETNMRC_09_12_16,2366,2405,98.37837837837839
ANGULR03_BAIPETNMRC_09_12_16,2366,2405,98.37837837837839
OCCMIDL03_BAIPETNMRC_09_12_16,2404,2405,99.95841995841997
OCCMIDR03_BAIPETNMRC_09_12_16,2404,2405,99.95841995841997
OCCSUPL03_BAIPETNMRC_09_12_16,2404,2405,99.95841995841997
OCCSUPR03_BAIPETNMRC_09_12_16,2404,2405,99.95841995841997
OCCINFL03_BAIPETNMRC_09_12_16,2404,2405,99.95841995841997
OCCINFR03_BAIPETNMRC_09_12_16,2404,2405,99.95841995841997
THALAML03_BAIPETNMRC_09_12_16,2404,2405,99.95841995841997
THALAMR03_BAIPETNMRC_09_12_16,2404,2405,99.95841995841997
FRTMEDL03_BAIPETNMRC_09_12_16,2404,2405,99.95841995841997
FRTMEDR03_BAIPETNMRC_09_12_16,2404,2405,99.95841995841997
SUPMRGL03_BAIPETNMRC_09_12_16,2366,2405,98.37837837837839
SUPMRGR03_BAIPETNMRC_09_12_16,2404,2405,99.95841995841997
FRTMIDL04_BAIPETNMRC_09_12_16,2404,2405,99.95841995841997
FRTMIDR04_BAIPETNMRC_09_12_16,2404,2405,99.95841995841997
FRTSUPL04_BAIPETNMRC_09_12_16,2404,2405,99.95841995841997
FRTSUPR04_BAIPETNMRC_09_12_16,2404,2405,99.95841995841997
FRTSMEDL04_BAIPETNMRC_09_12_16,2404,2405,99.95841995841997
FRTSMEDR04_BAIPETNMRC_09_12_16,2404,2405,99.95841995841997
TMPSUPL04_BAIPETNMRC_09_12_16,2404,2405,99.95841995841997
TMPSUPR04_BAIPETNMRC_09_12_16,2288,2405,95.13513513513514
TMPMIDL04_BAIPETNMRC_09_12_16,2288,2405,95.13513513513514
TMPMIDR04_BAIPETNMRC_09_12_16,2236,2405,92.97297297297298
TMPINFL04_BAIPETNMRC_09_12_16,2288,2405,95.13513513513514
TMPINFR04_BAIPETNMRC_09_12_16,2236,2405,92.97297297297298
FUSFRML04_BAIPETNMRC_09_12_16,2404,2405,99.95841995841997
FUSFRMR04_BAIPETNMRC_09_12_16,2404,2405,99.95841995841997
LINGUALL04_BAIPETNMRC_09_12_16,2404,2405,99.95841995841997
LINGUALR04_BAIPETNMRC_09_12_16,2404,2405,99.95841995841997
PARAHIPL04_BAIPETNMRC_09_12_16,2404,2405,99.95841995841997
PARAHIPR04_BAIPETNMRC_09_12_16,2404,2405,99.95841995841997
PARISUPL04_BAIPETNMRC_09_12_16,2404,2405,99.95841995841997
PARISUPR04_BAIPETNMRC_09_12_16,2404,2405,99.95841995841997
PARIINFL04_BAIPETNMRC_09_12_16,2404,2405,99.95841995841997
PARIINFR04_BAIPETNMRC_09_12_16,2404,2405,99.95841995841997
PRECUNL04_BAIPETNMRC_09_12_16,2404,2405,99.95841995841997
PRECUNR04_BAIPETNMRC_09_12_16,2404,2405,99.95841995841997
CINGANT04_BAIPETNMRC_09_12_16,2404,2405,99.95841995841997
CINGMID04_BAIPETNMRC_09_12_16,2404,2405,99.95841995841997
CINGPST04_BAIPETNMRC_09_12_16,2288,2405,95.13513513513514
OCCMIDL04_BAIPETNMRC_09_12_16,2404,2405,99.95841995841997
OCCMIDR04_BAIPETNMRC_09_12_16,2236,2405,92.97297297297298
OCCSUPL04_BAIPETNMRC_09_12_16,2404,2405,99.95841995841997
OCCSUPR04_BAIPETNMRC_09_12_16,2404,2405,99.95841995841997
OCCINFL04_BAIPETNMRC_09_12_16,2404,2405,99.95841995841997
OCCINFR04_BAIPETNMRC_09_12_16,2404,2405,99.95841995841997
THALAML04_BAIPETNMRC_09_12_16,2404,2405,99.95841995841997
THALAMR04_BAIPETNMRC_09_12_16,2404,2405,99.95841995841997
FRTMEDL04_BAIPETNMRC_09_12_16,2404,2405,99.95841995841997
FRTMEDR04_BAIPETNMRC_09_12_16,2404,2405,99.95841995841997
SUPMRGL04_BAIPETNMRC_09_12_16,2236,2405,92.97297297297298
SUPMRGR04_BAIPETNMRC_09_12_16,2404,2405,99.95841995841997
ANGULL04_BAIPETNMRC_09_12_16,2404,2405,99.95841995841997
ANGULR04_BAIPETNMRC_09_12_16,2288,2405,95.13513513513514
FRTMIDL05_BAIPETNMRC_09_12_16,2404,2405,99.95841995841997
FRTMIDR05_BAIPETNMRC_09_12_16,2404,2405,99.95841995841997
FRTSUPL05_BAIPETNMRC_09_12_16,2404,2405,99.95841995841997
FRTSUPR05_BAIPETNMRC_09_12_16,2404,2405,99.95841995841997
FRTSMEDL05_BAIPETNMRC_09_12_16,2404,2405,99.95841995841997
FRTSMEDR05_BAIPETNMRC_09_12_16,2404,2405,99.95841995841997
TMPSUPL05_BAIPETNMRC_09_12_16,2404,2405,99.95841995841997
TMPSUPR05_BAIPETNMRC_09_12_16,2328,2405,96.7983367983368
TMPMIDL05_BAIPETNMRC_09_12_16,2328,2405,96.7983367983368
TMPMIDR05_BAIPETNMRC_09_12_16,2300,2405,95.63409563409564
TMPINFL05_BAIPETNMRC_09_12_16,2404,2405,99.95841995841997
TMPINFR05_BAIPETNMRC_09_12_16,2328,2405,96.7983367983368
FUSFRML05_BAIPETNMRC_09_12_16,2404,2405,99.95841995841997
FUSFRMR05_BAIPETNMRC_09_12_16,2404,2405,99.95841995841997
PARAHIPL05_BAIPETNMRC_09_12_16,2404,2405,99.95841995841997
PARAHIPR05_BAIPETNMRC_09_12_16,2404,2405,99.95841995841997
PARISUPL05_BAIPETNMRC_09_12_16,2404,2405,99.95841995841997
PARISUPR05_BAIPETNMRC_09_12_16,2404,2405,99.95841995841997
PARIINFL05_BAIPETNMRC_09_12_16,2328,2405,96.7983367983368
PARIINFR05_BAIPETNMRC_09_12_16,2300,2405,95.63409563409564
PRECUNL05_BAIPETNMRC_09_12_16,2404,2405,99.95841995841997
PRECUNR05_BAIPETNMRC_09_12_16,2300,2405,95.63409563409564
CINGANT05_BAIPETNMRC_09_12_16,2404,2405,99.95841995841997
CINGMID05_BAIPETNMRC_09_12_16,2404,2405,99.95841995841997
CINGPST05_BAIPETNMRC_09_12_16,2300,2405,95.63409563409564
OCCMIDL05_BAIPETNMRC_09_12_16,2404,2405,99.95841995841997
OCCMIDR05_BAIPETNMRC_09_12_16,2404,2405,99.95841995841997
OCCSUPL05_BAIPETNMRC_09_12_16,2404,2405,99.95841995841997
OCCSUPR05_BAIPETNMRC_09_12_16,2404,2405,99.95841995841997
OCCINFL05_BAIPETNMRC_09_12_16,2404,2405,99.95841995841997
OCCINFR05_BAIPETNMRC_09_12_16,2404,2405,99.95841995841997
THALAML05_BAIPETNMRC_09_12_16,2404,2405,99.95841995841997
THALAMR05_BAIPETNMRC_09_12_16,2404,2405,99.95841995841997
FRTMEDL05_BAIPETNMRC_09_12_16,2404,2405,99.95841995841997
FRTMEDR05_BAIPETNMRC_09_12_16,2404,2405,99.95841995841997
ANGULR05_BAIPETNMRC_09_12_16,2300,2405,95.63409563409564
ANGULL05_BAIPETNMRC_09_12_16,2404,2405,99.95841995841997
CALCARL05_BAIPETNMRC_09_12_16,2328,2405,96.7983367983368
CALCARR05_BAIPETNMRC_09_12_16,2404,2405,99.95841995841997
LINGUALL05_BAIPETNMRC_09_12_16,2328,2405,96.7983367983368
LINGUALR05_BAIPETNMRC_09_12_16,2404,2405,99.95841995841997
CEREB8L05_BAIPETNMRC_09_12_16,2328,2405,96.7983367983368
CEREB8R05_BAIPETNMRC_09_12_16,2404,2405,99.95841995841997
CERBCR2L05_BAIPETNMRC_09_12_16,2328,2405,96.7983367983368
CERBCR2R05_BAIPETNMRC_09_12_16,2404,2405,99.95841995841997
SUPMRGL05_BAIPETNMRC_09_12_16,2328,2405,96.7983367983368
SUPMRGR05_BAIPETNMRC_09_12_16,2404,2405,99.95841995841997
FRTMIDL06_BAIPETNMRC_09_12_16,2404,2405,99.95841995841997
FRTMIDR06_BAIPETNMRC_09_12_16,2404,2405,99.95841995841997
FRTSUPL06_BAIPETNMRC_09_12_16,2404,2405,99.95841995841997
FRTSUPR06_BAIPETNMRC_09_12_16,2404,2405,99.95841995841997
FRTSMEDL06_BAIPETNMRC_09_12_16,2404,2405,99.95841995841997
FRTSMEDR06_BAIPETNMRC_09_12_16,2404,2405,99.95841995841997
TMPSUPL06_BAIPETNMRC_09_12_16,2404,2405,99.95841995841997
TMPSUPR06_BAIPETNMRC_09_12_16,2222,2405,92.3908523908524
TMPMIDL06_BAIPETNMRC_09_12_16,2236,2405,92.97297297297298
TMPMIDR06_BAIPETNMRC_09_12_16,2222,2405,92.3908523908524
TMPINFL06_BAIPETNMRC_09_12_16,2236,2405,92.97297297297298
TMPINFR06_BAIPETNMRC_09_12_16,2222,2405,92.3908523908524
FUSFRML06_BAIPETNMRC_09_12_16,2222,2405,92.3908523908524
FUSFRMR06_BAIPETNMRC_09_12_16,2236,2405,92.97297297297298
LINGUALL06_BAIPETNMRC_09_12_16,2404,2405,99.95841995841997
LINGUALR06_BAIPETNMRC_09_12_16,2404,2405,99.95841995841997
PARAHIPL06_BAIPETNMRC_09_12_16,2404,2405,99.95841995841997
PARAHIPR06_BAIPETNMRC_09_12_16,2404,2405,99.95841995841997
PARISUPL06_BAIPETNMRC_09_12_16,2404,2405,99.95841995841997
PARISUPR06_BAIPETNMRC_09_12_16,2404,2405,99.95841995841997
PARIINFL06_BAIPETNMRC_09_12_16,2404,2405,99.95841995841997
PARIINFR06_BAIPETNMRC_09_12_16,2404,2405,99.95841995841997
PRECUNL06_BAIPETNMRC_09_12_16,2404,2405,99.95841995841997
PRECUNR06_BAIPETNMRC_09_12_16,2404,2405,99.95841995841997
CINGANT06_BAIPETNMRC_09_12_16,2404,2405,99.95841995841997
CINGMID06_BAIPETNMRC_09_12_16,2404,2405,99.95841995841997
CINGPST06_BAIPETNMRC_09_12_16,2404,2405,99.95841995841997
OCCMIDL06_BAIPETNMRC_09_12_16,2404,2405,99.95841995841997
OCCMIDR06_BAIPETNMRC_09_12_16,2236,2405,92.97297297297298
OCCSUPL06_BAIPETNMRC_09_12_16,2404,2405,99.95841995841997
OCCSUPR06_BAIPETNMRC_09_12_16,2404,2405,99.95841995841997
OCCINFL06_BAIPETNMRC_09_12_16,2404,2405,99.95841995841997
OCCINFR06_BAIPETNMRC_09_12_16,2404,2405,99.95841995841997
THALAML06_BAIPETNMRC_09_12_16,2404,2405,99.95841995841997
THALAMR06_BAIPETNMRC_09_12_16,2404,2405,99.95841995841997
FRTMEDL06_BAIPETNMRC_09_12_16,2404,2405,99.95841995841997
FRTMEDR06_BAIPETNMRC_09_12_16,2404,2405,99.95841995841997
HIPPL06_BAIPETNMRC_09_12_16,2404,2405,99.95841995841997
HIPPR06_BAIPETNMRC_09_12_16,2222,2405,92.3908523908524
INDGLBNDX_BAIPETNMRC_09_12_16,2404,2405,99.95841995841997
INDTEPNDX_BAIPETNMRC_09_12_16,2404,2405,99.95841995841997
PRECUNL07_BAIPETNMRC_09_12_16,2368,2405,98.46153846153847
CINGPST07_BAIPETNMRC_09_12_16,2368,2405,98.46153846153847
PARIINFR07_BAIPETNMRC_09_12_16,2368,2405,98.46153846153847
TMPMIDL07_BAIPETNMRC_09_12_16,2368,2405,98.46153846153847
CUNEUSL08_BAIPETNMRC_09_12_16,2368,2405,98.46153846153847
TMPMIDR08_BAIPETNMRC_09_12_16,2368,2405,98.46153846153847
TMPINFL09_BAIPETNMRC_09_12_16,2308,2405,95.96673596673597
CINGPST09_BAIPETNMRC_09_12_16,2308,2405,95.96673596673597
PRECUNL09_BAIPETNMRC_09_12_16,2308,2405,95.96673596673597
PARIINFR09_BAIPETNMRC_09_12_16,2308,2405,95.96673596673597
TMPINFL10_BAIPETNMRC_09_12_16,2308,2405,95.96673596673597
PRECUNL10_BAIPETNMRC_09_12_16,2308,2405,95.96673596673597
TMPINFL11_BAIPETNMRC_09_12_16,2324,2405,96.63201663201664
OCCMIDL11_BAIPETNMRC_09_12_16,2324,2405,96.63201663201664
CINGPST11_BAIPETNMRC_09_12_16,2324,2405,96.63201663201664
CINGMID11_BAIPETNMRC_09_12_16,2324,2405,96.63201663201664
TMPPOSR12_BAIPETNMRC_09_12_16,2380,2405,98.96049896049897
CINGPSTR12_BAIPETNMRC_09_12_16,2380,2405,98.96049896049897
FROITRN001_BAIPETNMRC_09_12_16,2322,2405,96.54885654885655
FROITRN002_BAIPETNMRC_09_12_16,2342,2405,97.38045738045739
FROITST001_BAIPETNMRC_09_12_16,2300,2405,95.63409563409564
FROITST002_BAIPETNMRC_09_12_16,2330,2405,96.88149688149689
FROIWHL001_BAIPETNMRC_09_12_16,2218,2405,92.22453222453223
FROIWHL002_BAIPETNMRC_09_12_16,2268,2405,94.3035343035343
FRPMSK001_BAIPETNMRC_09_12_16,2191,2405,91.1018711018711
FRPMSK002_BAIPETNMRC_09_12_16,2119,2405,88.10810810810811
FRTMSK003_BAIPETNMRC_09_12_16,2191,2405,91.1018711018711
FRTMSK004_BAIPETNMRC_09_12_16,2119,2405,88.10810810810811
FRTMSK005_BAIPETNMRC_09_12_16,2332,2405,96.96465696465697
FRTMSK006_BAIPETNMRC_09_12_16,2246,2405,93.38877338877339
FRTMSK007_BAIPETNMRC_09_12_16,2310,2405,96.04989604989605
FRTMSK008_BAIPETNMRC_09_12_16,2336,2405,97.13097713097713
FRTMSK009_BAIPETNMRC_09_12_16,2208,2405,91.8087318087318
FRTMSK010_BAIPETNMRC_09_12_16,2260,2405,93.97089397089398
FRTMSK011_BAIPETNMRC_09_12_16,2320,2405,96.46569646569647
HCISUB1_BAIPETNMRC_09_12_16,2386,2405,99.20997920997921
HCI99_BAIPETNMRC_09_12_16,2343,2405,97.42203742203742
HCI_BAIPETNMRC_09_12_16,1775,2405,73.8045738045738
NL1HIPP_BAIPETNMRC_09_12_16,2370,2405,98.54469854469855
NL1PTEMP_BAIPETNMRC_09_12_16,2370,2405,98.54469854469855
NL1PSTCG_BAIPETNMRC_09_12_16,2370,2405,98.54469854469855
NL2PSTCG_BAIPETNMRC_09_12_16,2320,2405,96.46569646569647
NL2PARI_BAIPETNMRC_09_12_16,2362,2405,98.21205821205822
NL3FRONT_BAIPETNMRC_09_12_16,2342,2405,97.38045738045739
DECLADFR_BAIPETNMRC_09_12_16,2386,2405,99.20997920997921
DECLADTMP_BAIPETNMRC_09_12_16,2386,2405,99.20997920997921
LONGHCI_BAIPETNMRC_09_12_16,2404,2405,99.95841995841997
BSLVBM_BAIPETNMRC_09_12_16,2404,2405,99.95841995841997
ACI_BAIPETNMRC_09_12_16,2361,2405,98.17047817047818
MCSUVR_BAIPETNMRC_09_12_16,2400,2405,99.7920997920998
FNMPREC_BAIPETNMRC_09_12_16,2379,2405,98.91891891891892
FNAPREC_BAIPETNMRC_09_12_16,2380,2405,98.96049896049897
FNAPC_BAIPETNMRC_09_12_16,2380,2405,98.96049896049897
FEAPREC_BAIPETNMRC_09_12_16,2398,2405,99.70893970893971
FMAPREC_BAIPETNMRC_09_12_16,2391,2405,99.41787941787942
FMAPC_BAIPETNMRC_09_12_16,2391,2405,99.41787941787942
AVNEFRONT_BAIPETNMRC_09_12_16,2400,2405,99.7920997920998
AVNMFRONT_BAIPETNMRC_09_12_16,2396,2405,99.62577962577963
AVNAFRONT_BAIPETNMRC_09_12_16,2397,2405,99.66735966735966
AVEMTEMP_BAIPETNMRC_09_12_16,2400,2405,99.7920997920998
AVEATEMP_BAIPETNMRC_09_12_16,2401,2405,99.83367983367984
AVMAOCCIP_BAIPETNMRC_09_12_16,2397,2405,99.66735966735966
FEAPC2_BAIPETNMRC_09_12_16,2396,2405,99.62577962577963
FEMPC2_BAIPETNMRC_09_12_16,2396,2405,99.62577962577963
FMAPREC2_BAIPETNMRC_09_12_16,2388,2405,99.2931392931393
FNAPARI2_BAIPETNMRC_09_12_16,2376,2405,98.7941787941788
FNEHC2_BAIPETNMRC_09_12_16,2384,2405,99.12681912681913
FNMTEMP2_BAIPETNMRC_09_12_16,2376,2405,98.7941787941788
AVEATEMP2_BAIPETNMRC_09_12_16,2399,2405,99.75051975051976
AVEMTEMP2_BAIPETNMRC_09_12_16,2398,2405,99.70893970893971
AVMAFRNT2_BAIPETNMRC_09_12_16,2393,2405,99.5010395010395
AVNATEMP2_BAIPETNMRC_09_12_16,2390,2405,99.37629937629939
AVNEFRNT2_BAIPETNMRC_09_12_16,2395,2405,99.58419958419958
AVNMPREC2_BAIPETNMRC_09_12_16,2383,2405,99.08523908523908
MMPLS_BAIPETNMRC_09_12_16,2388,2405,99.2931392931393
ICA_BAIPETNMRC_09_12_16,2376,2405,98.7941787941788
PCA2_BAIPETNMRC_09_12_16,2384,2405,99.12681912681913
PLSFDG01_BAIPETNMRC_09_12_16,2335,2405,97.0893970893971
HCI001_BAIPETNMRC_09_12_16,2335,2405,97.0893970893971
MCSUVRWM_BAIPETNMRC_09_12_16,2376,2405,98.7941787941788
MCSUVRWM2_BAIPETNMRC_09_12_16,2371,2405,98.58627858627858
HCI_2014_BAIPETNMRC_09_12_16,1768,2405,73.51351351351352
SROI_BAIPETNMRC_09_12_16,1768,2405,73.51351351351352
MCSUVRWM3_BAIPETNMRC_09_12_16,2314,2405,96.21621621621622
MCSUVRCERE_BAIPETNMRC_09_12_16,2314,2405,96.21621621621622
CEREBELLUMGREYMATTER_UCBERKELEYAV45_10_17_16,2255,2405,93.76299376299376
WHOLECEREBELLUM_UCBERKELEYAV45_10_17_16,2255,2405,93.76299376299376
ERODED_SUBCORTICALWM_UCBERKELEYAV45_10_17_16,2255,2405,93.76299376299376
COMPOSIT_REF_UCBERKELEYAV45_10_17_16,2255,2405,93.76299376299376
FRONTAL_UCBERKELEYAV45_10_17_16,2255,2405,93.76299376299376
CINGULATE_UCBERKELEYAV45_10_17_16,2255,2405,93.76299376299376
PARIETAL_UCBERKELEYAV45_10_17_16,2255,2405,93.76299376299376
TEMPORAL_UCBERKELEYAV45_10_17_16,2255,2405,93.76299376299376
SUMMARYSUVR_WHOLECEREBNORM_UCBERKELEYAV45_10_17_16,2255,2405,93.76299376299376
SUMMARYSUVR_WHOLECEREBNORM_1.11CUTOFF_UCBERKELEYAV45_10_17_16,2255,2405,93.76299376299376
SUMMARYSUVR_COMPOSITE_REFNORM_UCBERKELEYAV45_10_17_16,2255,2405,93.76299376299376
SUMMARYSUVR_COMPOSITE_REFNORM_0.79CUTOFF_UCBERKELEYAV45_10_17_16,2255,2405,93.76299376299376
BRAINSTEM_UCBERKELEYAV45_10_17_16,2255,2405,93.76299376299376
BRAINSTEM_SIZE_UCBERKELEYAV45_10_17_16,2255,2405,93.76299376299376
VENTRICLE_3RD_UCBERKELEYAV45_10_17_16,2255,2405,93.76299376299376
VENTRICLE_3RD_SIZE_UCBERKELEYAV45_10_17_16,2255,2405,93.76299376299376
VENTRICLE_4TH_UCBERKELEYAV45_10_17_16,2255,2405,93.76299376299376
VENTRICLE_4TH_SIZE_UCBERKELEYAV45_10_17_16,2255,2405,93.76299376299376
VENTRICLE_5TH_UCBERKELEYAV45_10_17_16,2378,2405,98.87733887733889
VENTRICLE_5TH_SIZE_UCBERKELEYAV45_10_17_16,2378,2405,98.87733887733889
CC_ANTERIOR_UCBERKELEYAV45_10_17_16,2255,2405,93.76299376299376
CC_ANTERIOR_SIZE_UCBERKELEYAV45_10_17_16,2255,2405,93.76299376299376
CC_CENTRAL_UCBERKELEYAV45_10_17_16,2255,2405,93.76299376299376
CC_CENTRAL_SIZE_UCBERKELEYAV45_10_17_16,2255,2405,93.76299376299376
CC_MID_ANTERIOR_UCBERKELEYAV45_10_17_16,2255,2405,93.76299376299376
CC_MID_ANTERIOR_SIZE_UCBERKELEYAV45_10_17_16,2255,2405,93.76299376299376
CC_MID_POSTERIOR_UCBERKELEYAV45_10_17_16,2255,2405,93.76299376299376
CC_MID_POSTERIOR_SIZE_UCBERKELEYAV45_10_17_16,2255,2405,93.76299376299376
CC_POSTERIOR_UCBERKELEYAV45_10_17_16,2255,2405,93.76299376299376
CC_POSTERIOR_SIZE_UCBERKELEYAV45_10_17_16,2255,2405,93.76299376299376
CSF_UCBERKELEYAV45_10_17_16,2255,2405,93.76299376299376
CSF_SIZE_UCBERKELEYAV45_10_17_16,2255,2405,93.76299376299376
CTX_LH_BANKSSTS_UCBERKELEYAV45_10_17_16,2255,2405,93.76299376299376
CTX_LH_BANKSSTS_SIZE_UCBERKELEYAV45_10_17_16,2255,2405,93.76299376299376
CTX_LH_CAUDALANTERIORCINGULATE_UCBERKELEYAV45_10_17_16,2255,2405,93.76299376299376
CTX_LH_CAUDALANTERIORCINGULATE_SIZE_UCBERKELEYAV45_10_17_16,2255,2405,93.76299376299376
CTX_LH_CAUDALMIDDLEFRONTAL_UCBERKELEYAV45_10_17_16,2255,2405,93.76299376299376
CTX_LH_CAUDALMIDDLEFRONTAL_SIZE_UCBERKELEYAV45_10_17_16,2255,2405,93.76299376299376
CTX_LH_CUNEUS_UCBERKELEYAV45_10_17_16,2255,2405,93.76299376299376
CTX_LH_CUNEUS_SIZE_UCBERKELEYAV45_10_17_16,2255,2405,93.76299376299376
CTX_LH_ENTORHINAL_UCBERKELEYAV45_10_17_16,2255,2405,93.76299376299376
CTX_LH_ENTORHINAL_SIZE_UCBERKELEYAV45_10_17_16,2255,2405,93.76299376299376
CTX_LH_FRONTALPOLE_UCBERKELEYAV45_10_17_16,2255,2405,93.76299376299376
CTX_LH_FRONTALPOLE_SIZE_UCBERKELEYAV45_10_17_16,2255,2405,93.76299376299376
CTX_LH_FUSIFORM_UCBERKELEYAV45_10_17_16,2255,2405,93.76299376299376
CTX_LH_FUSIFORM_SIZE_UCBERKELEYAV45_10_17_16,2255,2405,93.76299376299376
CTX_LH_INFERIORPARIETAL_UCBERKELEYAV45_10_17_16,2255,2405,93.76299376299376
CTX_LH_INFERIORPARIETAL_SIZE_UCBERKELEYAV45_10_17_16,2255,2405,93.76299376299376
CTX_LH_INFERIORTEMPORAL_UCBERKELEYAV45_10_17_16,2255,2405,93.76299376299376
CTX_LH_INFERIORTEMPORAL_SIZE_UCBERKELEYAV45_10_17_16,2255,2405,93.76299376299376
CTX_LH_INSULA_UCBERKELEYAV45_10_17_16,2255,2405,93.76299376299376
CTX_LH_INSULA_SIZE_UCBERKELEYAV45_10_17_16,2255,2405,93.76299376299376
CTX_LH_ISTHMUSCINGULATE_UCBERKELEYAV45_10_17_16,2255,2405,93.76299376299376
CTX_LH_ISTHMUSCINGULATE_SIZE_UCBERKELEYAV45_10_17_16,2255,2405,93.76299376299376
CTX_LH_LATERALOCCIPITAL_UCBERKELEYAV45_10_17_16,2255,2405,93.76299376299376
CTX_LH_LATERALOCCIPITAL_SIZE_UCBERKELEYAV45_10_17_16,2255,2405,93.76299376299376
CTX_LH_LATERALORBITOFRONTAL_UCBERKELEYAV45_10_17_16,2255,2405,93.76299376299376
CTX_LH_LATERALORBITOFRONTAL_SIZE_UCBERKELEYAV45_10_17_16,2255,2405,93.76299376299376
CTX_LH_LINGUAL_UCBERKELEYAV45_10_17_16,2255,2405,93.76299376299376
CTX_LH_LINGUAL_SIZE_UCBERKELEYAV45_10_17_16,2255,2405,93.76299376299376
CTX_LH_MEDIALORBITOFRONTAL_UCBERKELEYAV45_10_17_16,2255,2405,93.76299376299376
CTX_LH_MEDIALORBITOFRONTAL_SIZE_UCBERKELEYAV45_10_17_16,2255,2405,93.76299376299376
CTX_LH_MIDDLETEMPORAL_UCBERKELEYAV45_10_17_16,2255,2405,93.76299376299376
CTX_LH_MIDDLETEMPORAL_SIZE_UCBERKELEYAV45_10_17_16,2255,2405,93.76299376299376
CTX_LH_PARACENTRAL_UCBERKELEYAV45_10_17_16,2255,2405,93.76299376299376
CTX_LH_PARACENTRAL_SIZE_UCBERKELEYAV45_10_17_16,2255,2405,93.76299376299376
CTX_LH_PARAHIPPOCAMPAL_UCBERKELEYAV45_10_17_16,2255,2405,93.76299376299376
CTX_LH_PARAHIPPOCAMPAL_SIZE_UCBERKELEYAV45_10_17_16,2255,2405,93.76299376299376
CTX_LH_PARSOPERCULARIS_UCBERKELEYAV45_10_17_16,2255,2405,93.76299376299376
CTX_LH_PARSOPERCULARIS_SIZE_UCBERKELEYAV45_10_17_16,2255,2405,93.76299376299376
CTX_LH_PARSORBITALIS_UCBERKELEYAV45_10_17_16,2255,2405,93.76299376299376
CTX_LH_PARSORBITALIS_SIZE_UCBERKELEYAV45_10_17_16,2255,2405,93.76299376299376
CTX_LH_PARSTRIANGULARIS_UCBERKELEYAV45_10_17_16,2255,2405,93.76299376299376
CTX_LH_PARSTRIANGULARIS_SIZE_UCBERKELEYAV45_10_17_16,2255,2405,93.76299376299376
CTX_LH_PERICALCARINE_UCBERKELEYAV45_10_17_16,2255,2405,93.76299376299376
CTX_LH_PERICALCARINE_SIZE_UCBERKELEYAV45_10_17_16,2255,2405,93.76299376299376
CTX_LH_POSTCENTRAL_UCBERKELEYAV45_10_17_16,2255,2405,93.76299376299376
CTX_LH_POSTCENTRAL_SIZE_UCBERKELEYAV45_10_17_16,2255,2405,93.76299376299376
CTX_LH_POSTERIORCINGULATE_UCBERKELEYAV45_10_17_16,2255,2405,93.76299376299376
CTX_LH_POSTERIORCINGULATE_SIZE_UCBERKELEYAV45_10_17_16,2255,2405,93.76299376299376
CTX_LH_PRECENTRAL_UCBERKELEYAV45_10_17_16,2255,2405,93.76299376299376
CTX_LH_PRECENTRAL_SIZE_UCBERKELEYAV45_10_17_16,2255,2405,93.76299376299376
CTX_LH_PRECUNEUS_UCBERKELEYAV45_10_17_16,2255,2405,93.76299376299376
CTX_LH_PRECUNEUS_SIZE_UCBERKELEYAV45_10_17_16,2255,2405,93.76299376299376
CTX_LH_ROSTRALANTERIORCINGULATE_UCBERKELEYAV45_10_17_16,2255,2405,93.76299376299376
CTX_LH_ROSTRALANTERIORCINGULATE_SIZE_UCBERKELEYAV45_10_17_16,2255,2405,93.76299376299376
CTX_LH_ROSTRALMIDDLEFRONTAL_UCBERKELEYAV45_10_17_16,2255,2405,93.76299376299376
CTX_LH_ROSTRALMIDDLEFRONTAL_SIZE_UCBERKELEYAV45_10_17_16,2255,2405,93.76299376299376
CTX_LH_SUPERIORFRONTAL_UCBERKELEYAV45_10_17_16,2255,2405,93.76299376299376
CTX_LH_SUPERIORFRONTAL_SIZE_UCBERKELEYAV45_10_17_16,2255,2405,93.76299376299376
CTX_LH_SUPERIORPARIETAL_UCBERKELEYAV45_10_17_16,2255,2405,93.76299376299376
CTX_LH_SUPERIORPARIETAL_SIZE_UCBERKELEYAV45_10_17_16,2255,2405,93.76299376299376
CTX_LH_SUPERIORTEMPORAL_UCBERKELEYAV45_10_17_16,2255,2405,93.76299376299376
CTX_LH_SUPERIORTEMPORAL_SIZE_UCBERKELEYAV45_10_17_16,2255,2405,93.76299376299376
CTX_LH_SUPRAMARGINAL_UCBERKELEYAV45_10_17_16,2255,2405,93.76299376299376
CTX_LH_SUPRAMARGINAL_SIZE_UCBERKELEYAV45_10_17_16,2255,2405,93.76299376299376
CTX_LH_TEMPORALPOLE_UCBERKELEYAV45_10_17_16,2255,2405,93.76299376299376
CTX_LH_TEMPORALPOLE_SIZE_UCBERKELEYAV45_10_17_16,2255,2405,93.76299376299376
CTX_LH_TRANSVERSETEMPORAL_UCBERKELEYAV45_10_17_16,2255,2405,93.76299376299376
CTX_LH_TRANSVERSETEMPORAL_SIZE_UCBERKELEYAV45_10_17_16,2255,2405,93.76299376299376
CTX_LH_UNKNOWN_UCBERKELEYAV45_10_17_16,2255,2405,93.76299376299376
CTX_LH_UNKNOWN_SIZE_UCBERKELEYAV45_10_17_16,2255,2405,93.76299376299376
CTX_RH_BANKSSTS_UCBERKELEYAV45_10_17_16,2255,2405,93.76299376299376
CTX_RH_BANKSSTS_SIZE_UCBERKELEYAV45_10_17_16,2255,2405,93.76299376299376
CTX_RH_CAUDALANTERIORCINGULATE_UCBERKELEYAV45_10_17_16,2255,2405,93.76299376299376
CTX_RH_CAUDALANTERIORCINGULATE_SIZE_UCBERKELEYAV45_10_17_16,2255,2405,93.76299376299376
CTX_RH_CAUDALMIDDLEFRONTAL_UCBERKELEYAV45_10_17_16,2255,2405,93.76299376299376
CTX_RH_CAUDALMIDDLEFRONTAL_SIZE_UCBERKELEYAV45_10_17_16,2255,2405,93.76299376299376
CTX_RH_CUNEUS_UCBERKELEYAV45_10_17_16,2255,2405,93.76299376299376
CTX_RH_CUNEUS_SIZE_UCBERKELEYAV45_10_17_16,2255,2405,93.76299376299376
CTX_RH_ENTORHINAL_UCBERKELEYAV45_10_17_16,2255,2405,93.76299376299376
CTX_RH_ENTORHINAL_SIZE_UCBERKELEYAV45_10_17_16,2255,2405,93.76299376299376
CTX_RH_FRONTALPOLE_UCBERKELEYAV45_10_17_16,2255,2405,93.76299376299376
CTX_RH_FRONTALPOLE_SIZE_UCBERKELEYAV45_10_17_16,2255,2405,93.76299376299376
CTX_RH_FUSIFORM_UCBERKELEYAV45_10_17_16,2255,2405,93.76299376299376
CTX_RH_FUSIFORM_SIZE_UCBERKELEYAV45_10_17_16,2255,2405,93.76299376299376
CTX_RH_INFERIORPARIETAL_UCBERKELEYAV45_10_17_16,2255,2405,93.76299376299376
CTX_RH_INFERIORPARIETAL_SIZE_UCBERKELEYAV45_10_17_16,2255,2405,93.76299376299376
CTX_RH_INFERIORTEMPORAL_UCBERKELEYAV45_10_17_16,2255,2405,93.76299376299376
CTX_RH_INFERIORTEMPORAL_SIZE_UCBERKELEYAV45_10_17_16,2255,2405,93.76299376299376
CTX_RH_INSULA_UCBERKELEYAV45_10_17_16,2255,2405,93.76299376299376
CTX_RH_INSULA_SIZE_UCBERKELEYAV45_10_17_16,2255,2405,93.76299376299376
CTX_RH_ISTHMUSCINGULATE_UCBERKELEYAV45_10_17_16,2255,2405,93.76299376299376
CTX_RH_ISTHMUSCINGULATE_SIZE_UCBERKELEYAV45_10_17_16,2255,2405,93.76299376299376
CTX_RH_LATERALOCCIPITAL_UCBERKELEYAV45_10_17_16,2255,2405,93.76299376299376
CTX_RH_LATERALOCCIPITAL_SIZE_UCBERKELEYAV45_10_17_16,2255,2405,93.76299376299376
CTX_RH_LATERALORBITOFRONTAL_UCBERKELEYAV45_10_17_16,2255,2405,93.76299376299376
CTX_RH_LATERALORBITOFRONTAL_SIZE_UCBERKELEYAV45_10_17_16,2255,2405,93.76299376299376
CTX_RH_LINGUAL_UCBERKELEYAV45_10_17_16,2255,2405,93.76299376299376
CTX_RH_LINGUAL_SIZE_UCBERKELEYAV45_10_17_16,2255,2405,93.76299376299376
CTX_RH_MEDIALORBITOFRONTAL_UCBERKELEYAV45_10_17_16,2255,2405,93.76299376299376
CTX_RH_MEDIALORBITOFRONTAL_SIZE_UCBERKELEYAV45_10_17_16,2255,2405,93.76299376299376
CTX_RH_MIDDLETEMPORAL_UCBERKELEYAV45_10_17_16,2255,2405,93.76299376299376
CTX_RH_MIDDLETEMPORAL_SIZE_UCBERKELEYAV45_10_17_16,2255,2405,93.76299376299376
CTX_RH_PARACENTRAL_UCBERKELEYAV45_10_17_16,2255,2405,93.76299376299376
CTX_RH_PARACENTRAL_SIZE_UCBERKELEYAV45_10_17_16,2255,2405,93.76299376299376
CTX_RH_PARAHIPPOCAMPAL_UCBERKELEYAV45_10_17_16,2255,2405,93.76299376299376
CTX_RH_PARAHIPPOCAMPAL_SIZE_UCBERKELEYAV45_10_17_16,2255,2405,93.76299376299376
CTX_RH_PARSOPERCULARIS_UCBERKELEYAV45_10_17_16,2255,2405,93.76299376299376
CTX_RH_PARSOPERCULARIS_SIZE_UCBERKELEYAV45_10_17_16,2255,2405,93.76299376299376
CTX_RH_PARSORBITALIS_UCBERKELEYAV45_10_17_16,2255,2405,93.76299376299376
CTX_RH_PARSORBITALIS_SIZE_UCBERKELEYAV45_10_17_16,2255,2405,93.76299376299376
CTX_RH_PARSTRIANGULARIS_UCBERKELEYAV45_10_17_16,2255,2405,93.76299376299376
CTX_RH_PARSTRIANGULARIS_SIZE_UCBERKELEYAV45_10_17_16,2255,2405,93.76299376299376
CTX_RH_PERICALCARINE_UCBERKELEYAV45_10_17_16,2255,2405,93.76299376299376
CTX_RH_PERICALCARINE_SIZE_UCBERKELEYAV45_10_17_16,2255,2405,93.76299376299376
CTX_RH_POSTCENTRAL_UCBERKELEYAV45_10_17_16,2255,2405,93.76299376299376
CTX_RH_POSTCENTRAL_SIZE_UCBERKELEYAV45_10_17_16,2255,2405,93.76299376299376
CTX_RH_POSTERIORCINGULATE_UCBERKELEYAV45_10_17_16,2255,2405,93.76299376299376
CTX_RH_POSTERIORCINGULATE_SIZE_UCBERKELEYAV45_10_17_16,2255,2405,93.76299376299376
CTX_RH_PRECENTRAL_UCBERKELEYAV45_10_17_16,2255,2405,93.76299376299376
CTX_RH_PRECENTRAL_SIZE_UCBERKELEYAV45_10_17_16,2255,2405,93.76299376299376
CTX_RH_PRECUNEUS_UCBERKELEYAV45_10_17_16,2255,2405,93.76299376299376
CTX_RH_PRECUNEUS_SIZE_UCBERKELEYAV45_10_17_16,2255,2405,93.76299376299376
CTX_RH_ROSTRALANTERIORCINGULATE_UCBERKELEYAV45_10_17_16,2255,2405,93.76299376299376
CTX_RH_ROSTRALANTERIORCINGULATE_SIZE_UCBERKELEYAV45_10_17_16,2255,2405,93.76299376299376
CTX_RH_ROSTRALMIDDLEFRONTAL_UCBERKELEYAV45_10_17_16,2255,2405,93.76299376299376
CTX_RH_ROSTRALMIDDLEFRONTAL_SIZE_UCBERKELEYAV45_10_17_16,2255,2405,93.76299376299376
CTX_RH_SUPERIORFRONTAL_UCBERKELEYAV45_10_17_16,2255,2405,93.76299376299376
CTX_RH_SUPERIORFRONTAL_SIZE_UCBERKELEYAV45_10_17_16,2255,2405,93.76299376299376
CTX_RH_SUPERIORPARIETAL_UCBERKELEYAV45_10_17_16,2255,2405,93.76299376299376
CTX_RH_SUPERIORPARIETAL_SIZE_UCBERKELEYAV45_10_17_16,2255,2405,93.76299376299376
CTX_RH_SUPERIORTEMPORAL_UCBERKELEYAV45_10_17_16,2255,2405,93.76299376299376
CTX_RH_SUPERIORTEMPORAL_SIZE_UCBERKELEYAV45_10_17_16,2255,2405,93.76299376299376
CTX_RH_SUPRAMARGINAL_UCBERKELEYAV45_10_17_16,2255,2405,93.76299376299376
CTX_RH_SUPRAMARGINAL_SIZE_UCBERKELEYAV45_10_17_16,2255,2405,93.76299376299376
CTX_RH_TEMPORALPOLE_UCBERKELEYAV45_10_17_16,2255,2405,93.76299376299376
CTX_RH_TEMPORALPOLE_SIZE_UCBERKELEYAV45_10_17_16,2255,2405,93.76299376299376
CTX_RH_TRANSVERSETEMPORAL_UCBERKELEYAV45_10_17_16,2255,2405,93.76299376299376
CTX_RH_TRANSVERSETEMPORAL_SIZE_UCBERKELEYAV45_10_17_16,2255,2405,93.76299376299376
CTX_RH_UNKNOWN_UCBERKELEYAV45_10_17_16,2255,2405,93.76299376299376
CTX_RH_UNKNOWN_SIZE_UCBERKELEYAV45_10_17_16,2255,2405,93.76299376299376
LEFT_ACCUMBENS_AREA_UCBERKELEYAV45_10_17_16,2255,2405,93.76299376299376
LEFT_ACCUMBENS_AREA_SIZE_UCBERKELEYAV45_10_17_16,2255,2405,93.76299376299376
LEFT_AMYGDALA_UCBERKELEYAV45_10_17_16,2255,2405,93.76299376299376
LEFT_AMYGDALA_SIZE_UCBERKELEYAV45_10_17_16,2255,2405,93.76299376299376
LEFT_CAUDATE_UCBERKELEYAV45_10_17_16,2255,2405,93.76299376299376
LEFT_CAUDATE_SIZE_UCBERKELEYAV45_10_17_16,2255,2405,93.76299376299376
LEFT_CEREBELLUM_CORTEX_UCBERKELEYAV45_10_17_16,2255,2405,93.76299376299376
LEFT_CEREBELLUM_CORTEX_SIZE_UCBERKELEYAV45_10_17_16,2255,2405,93.76299376299376
LEFT_CEREBELLUM_WHITE_MATTER_UCBERKELEYAV45_10_17_16,2255,2405,93.76299376299376
LEFT_CEREBELLUM_WHITE_MATTER_SIZE_UCBERKELEYAV45_10_17_16,2255,2405,93.76299376299376
LEFT_CEREBRAL_WHITE_MATTER_UCBERKELEYAV45_10_17_16,2255,2405,93.76299376299376
LEFT_CEREBRAL_WHITE_MATTER_SIZE_UCBERKELEYAV45_10_17_16,2255,2405,93.76299376299376
LEFT_CHOROID_PLEXUS_UCBERKELEYAV45_10_17_16,2255,2405,93.76299376299376
LEFT_CHOROID_PLEXUS_SIZE_UCBERKELEYAV45_10_17_16,2255,2405,93.76299376299376
LEFT_HIPPOCAMPUS_UCBERKELEYAV45_10_17_16,2255,2405,93.76299376299376
LEFT_HIPPOCAMPUS_SIZE_UCBERKELEYAV45_10_17_16,2255,2405,93.76299376299376
LEFT_INF_LAT_VENT_UCBERKELEYAV45_10_17_16,2255,2405,93.76299376299376
LEFT_INF_LAT_VENT_SIZE_UCBERKELEYAV45_10_17_16,2255,2405,93.76299376299376
LEFT_LATERAL_VENTRICLE_UCBERKELEYAV45_10_17_16,2255,2405,93.76299376299376
LEFT_LATERAL_VENTRICLE_SIZE_UCBERKELEYAV45_10_17_16,2255,2405,93.76299376299376
LEFT_PALLIDUM_UCBERKELEYAV45_10_17_16,2255,2405,93.76299376299376
LEFT_PALLIDUM_SIZE_UCBERKELEYAV45_10_17_16,2255,2405,93.76299376299376
LEFT_PUTAMEN_UCBERKELEYAV45_10_17_16,2255,2405,93.76299376299376
LEFT_PUTAMEN_SIZE_UCBERKELEYAV45_10_17_16,2255,2405,93.76299376299376
LEFT_THALAMUS_PROPER_UCBERKELEYAV45_10_17_16,2255,2405,93.76299376299376
LEFT_THALAMUS_PROPER_SIZE_UCBERKELEYAV45_10_17_16,2255,2405,93.76299376299376
LEFT_VENTRALDC_UCBERKELEYAV45_10_17_16,2255,2405,93.76299376299376
LEFT_VENTRALDC_SIZE_UCBERKELEYAV45_10_17_16,2255,2405,93.76299376299376
LEFT_VESSEL_UCBERKELEYAV45_10_17_16,2255,2405,93.76299376299376
LEFT_VESSEL_SIZE_UCBERKELEYAV45_10_17_16,2255,2405,93.76299376299376
NON_WM_HYPOINTENSITIES_UCBERKELEYAV45_10_17_16,2255,2405,93.76299376299376
NON_WM_HYPOINTENSITIES_SIZE_UCBERKELEYAV45_10_17_16,2255,2405,93.76299376299376
OPTIC_CHIASM_UCBERKELEYAV45_10_17_16,2255,2405,93.76299376299376
OPTIC_CHIASM_SIZE_UCBERKELEYAV45_10_17_16,2255,2405,93.76299376299376
RIGHT_ACCUMBENS_AREA_UCBERKELEYAV45_10_17_16,2255,2405,93.76299376299376
RIGHT_ACCUMBENS_AREA_SIZE_UCBERKELEYAV45_10_17_16,2255,2405,93.76299376299376
RIGHT_AMYGDALA_UCBERKELEYAV45_10_17_16,2255,2405,93.76299376299376
RIGHT_AMYGDALA_SIZE_UCBERKELEYAV45_10_17_16,2255,2405,93.76299376299376
RIGHT_CAUDATE_UCBERKELEYAV45_10_17_16,2255,2405,93.76299376299376
RIGHT_CAUDATE_SIZE_UCBERKELEYAV45_10_17_16,2255,2405,93.76299376299376
RIGHT_CEREBELLUM_CORTEX_UCBERKELEYAV45_10_17_16,2255,2405,93.76299376299376
RIGHT_CEREBELLUM_CORTEX_SIZE_UCBERKELEYAV45_10_17_16,2255,2405,93.76299376299376
RIGHT_CEREBELLUM_WHITE_MATTER_UCBERKELEYAV45_10_17_16,2255,2405,93.76299376299376
RIGHT_CEREBELLUM_WHITE_MATTER_SIZE_UCBERKELEYAV45_10_17_16,2255,2405,93.76299376299376
RIGHT_CEREBRAL_WHITE_MATTER_UCBERKELEYAV45_10_17_16,2255,2405,93.76299376299376
RIGHT_CEREBRAL_WHITE_MATTER_SIZE_UCBERKELEYAV45_10_17_16,2255,2405,93.76299376299376
RIGHT_CHOROID_PLEXUS_UCBERKELEYAV45_10_17_16,2255,2405,93.76299376299376
RIGHT_CHOROID_PLEXUS_SIZE_UCBERKELEYAV45_10_17_16,2255,2405,93.76299376299376
RIGHT_HIPPOCAMPUS_UCBERKELEYAV45_10_17_16,2255,2405,93.76299376299376
RIGHT_HIPPOCAMPUS_SIZE_UCBERKELEYAV45_10_17_16,2255,2405,93.76299376299376
RIGHT_INF_LAT_VENT_UCBERKELEYAV45_10_17_16,2255,2405,93.76299376299376
RIGHT_INF_LAT_VENT_SIZE_UCBERKELEYAV45_10_17_16,2255,2405,93.76299376299376
RIGHT_LATERAL_VENTRICLE_UCBERKELEYAV45_10_17_16,2255,2405,93.76299376299376
RIGHT_LATERAL_VENTRICLE_SIZE_UCBERKELEYAV45_10_17_16,2255,2405,93.76299376299376
RIGHT_PALLIDUM_UCBERKELEYAV45_10_17_16,2255,2405,93.76299376299376
RIGHT_PALLIDUM_SIZE_UCBERKELEYAV45_10_17_16,2255,2405,93.76299376299376
RIGHT_PUTAMEN_UCBERKELEYAV45_10_17_16,2255,2405,93.76299376299376
RIGHT_PUTAMEN_SIZE_UCBERKELEYAV45_10_17_16,2255,2405,93.76299376299376
RIGHT_THALAMUS_PROPER_UCBERKELEYAV45_10_17_16,2255,2405,93.76299376299376
RIGHT_THALAMUS_PROPER_SIZE_UCBERKELEYAV45_10_17_16,2255,2405,93.76299376299376
RIGHT_VENTRALDC_UCBERKELEYAV45_10_17_16,2255,2405,93.76299376299376
RIGHT_VENTRALDC_SIZE_UCBERKELEYAV45_10_17_16,2255,2405,93.76299376299376
RIGHT_VESSEL_UCBERKELEYAV45_10_17_16,2258,2405,93.88773388773389
RIGHT_VESSEL_SIZE_UCBERKELEYAV45_10_17_16,2258,2405,93.88773388773389
WM_HYPOINTENSITIES_UCBERKELEYAV45_10_17_16,2255,2405,93.76299376299376
WM_HYPOINTENSITIES_SIZE_UCBERKELEYAV45_10_17_16,2255,2405,93.76299376299376
CEREBELLUMGREYMATTER_UCBERKELEYAV1451_10_17_16,2400,2405,99.7920997920998
CEREBELLUMGREYMATTER_SIZE_UCBERKELEYAV1451_10_17_16,2400,2405,99.7920997920998
BRAAK1_UCBERKELEYAV1451_10_17_16,2400,2405,99.7920997920998
BRAAK1_SIZE_UCBERKELEYAV1451_10_17_16,2400,2405,99.7920997920998
BRAAK2_UCBERKELEYAV1451_10_17_16,2400,2405,99.7920997920998
BRAAK2_SIZE_UCBERKELEYAV1451_10_17_16,2400,2405,99.7920997920998
BRAAK3_UCBERKELEYAV1451_10_17_16,2400,2405,99.7920997920998
BRAAK3_SIZE_UCBERKELEYAV1451_10_17_16,2400,2405,99.7920997920998
BRAAK4_UCBERKELEYAV1451_10_17_16,2400,2405,99.7920997920998
BRAAK4_SIZE_UCBERKELEYAV1451_10_17_16,2400,2405,99.7920997920998
BRAAK5_UCBERKELEYAV1451_10_17_16,2400,2405,99.7920997920998
BRAAK5_SIZE_UCBERKELEYAV1451_10_17_16,2400,2405,99.7920997920998
BRAAK6_UCBERKELEYAV1451_10_17_16,2400,2405,99.7920997920998
BRAAK6_SIZE_UCBERKELEYAV1451_10_17_16,2400,2405,99.7920997920998
ERODED_SUBCORTICALWM_UCBERKELEYAV1451_10_17_16,2400,2405,99.7920997920998
ERODED_SUBCORTICALWM_SIZE_UCBERKELEYAV1451_10_17_16,2400,2405,99.7920997920998
VENTRICLE_3RD_UCBERKELEYAV1451_10_17_16,2400,2405,99.7920997920998
VENTRICLE_3RD_SIZE_UCBERKELEYAV1451_10_17_16,2400,2405,99.7920997920998
VENTRICLE_4TH_UCBERKELEYAV1451_10_17_16,2400,2405,99.7920997920998
VENTRICLE_4TH_SIZE_UCBERKELEYAV1451_10_17_16,2400,2405,99.7920997920998
VENTRICLE_5TH_UCBERKELEYAV1451_10_17_16,2400,2405,99.7920997920998
VENTRICLE_5TH_SIZE_UCBERKELEYAV1451_10_17_16,2400,2405,99.7920997920998
BRAINSTEM_UCBERKELEYAV1451_10_17_16,2402,2405,99.87525987525989
BRAINSTEM_SIZE_UCBERKELEYAV1451_10_17_16,2402,2405,99.87525987525989
CC_ANTERIOR_UCBERKELEYAV1451_10_17_16,2400,2405,99.7920997920998
CC_ANTERIOR_SIZE_UCBERKELEYAV1451_10_17_16,2400,2405,99.7920997920998
CC_CENTRAL_UCBERKELEYAV1451_10_17_16,2400,2405,99.7920997920998
CC_CENTRAL_SIZE_UCBERKELEYAV1451_10_17_16,2400,2405,99.7920997920998
CC_MID_ANTERIOR_UCBERKELEYAV1451_10_17_16,2400,2405,99.7920997920998
CC_MID_ANTERIOR_SIZE_UCBERKELEYAV1451_10_17_16,2400,2405,99.7920997920998
CC_MID_POSTERIOR_UCBERKELEYAV1451_10_17_16,2400,2405,99.7920997920998
CC_MID_POSTERIOR_SIZE_UCBERKELEYAV1451_10_17_16,2400,2405,99.7920997920998
CC_POSTERIOR_UCBERKELEYAV1451_10_17_16,2400,2405,99.7920997920998
CC_POSTERIOR_SIZE_UCBERKELEYAV1451_10_17_16,2400,2405,99.7920997920998
CSF_UCBERKELEYAV1451_10_17_16,2400,2405,99.7920997920998
CSF_SIZE_UCBERKELEYAV1451_10_17_16,2400,2405,99.7920997920998
CTX_LH_BANKSSTS_UCBERKELEYAV1451_10_17_16,2400,2405,99.7920997920998
CTX_LH_BANKSSTS_SIZE_UCBERKELEYAV1451_10_17_16,2400,2405,99.7920997920998
CTX_LH_CAUDALANTERIORCINGULATE_UCBERKELEYAV1451_10_17_16,2400,2405,99.7920997920998
CTX_LH_CAUDALANTERIORCINGULATE_SIZE_UCBERKELEYAV1451_10_17_16,2400,2405,99.7920997920998
CTX_LH_CAUDALMIDDLEFRONTAL_UCBERKELEYAV1451_10_17_16,2400,2405,99.7920997920998
CTX_LH_CAUDALMIDDLEFRONTAL_SIZE_UCBERKELEYAV1451_10_17_16,2400,2405,99.7920997920998
CTX_LH_CUNEUS_UCBERKELEYAV1451_10_17_16,2400,2405,99.7920997920998
CTX_LH_CUNEUS_SIZE_UCBERKELEYAV1451_10_17_16,2400,2405,99.7920997920998
CTX_LH_ENTORHINAL_UCBERKELEYAV1451_10_17_16,2400,2405,99.7920997920998
CTX_LH_ENTORHINAL_SIZE_UCBERKELEYAV1451_10_17_16,2400,2405,99.7920997920998
CTX_LH_FRONTALPOLE_UCBERKELEYAV1451_10_17_16,2400,2405,99.7920997920998
CTX_LH_FRONTALPOLE_SIZE_UCBERKELEYAV1451_10_17_16,2400,2405,99.7920997920998
CTX_LH_FUSIFORM_UCBERKELEYAV1451_10_17_16,2400,2405,99.7920997920998
CTX_LH_FUSIFORM_SIZE_UCBERKELEYAV1451_10_17_16,2400,2405,99.7920997920998
CTX_LH_INFERIORPARIETAL_UCBERKELEYAV1451_10_17_16,2400,2405,99.7920997920998
CTX_LH_INFERIORPARIETAL_SIZE_UCBERKELEYAV1451_10_17_16,2400,2405,99.7920997920998
CTX_LH_INFERIORTEMPORAL_UCBERKELEYAV1451_10_17_16,2400,2405,99.7920997920998
CTX_LH_INFERIORTEMPORAL_SIZE_UCBERKELEYAV1451_10_17_16,2400,2405,99.7920997920998
CTX_LH_INSULA_UCBERKELEYAV1451_10_17_16,2400,2405,99.7920997920998
CTX_LH_INSULA_SIZE_UCBERKELEYAV1451_10_17_16,2400,2405,99.7920997920998
CTX_LH_ISTHMUSCINGULATE_UCBERKELEYAV1451_10_17_16,2400,2405,99.7920997920998
CTX_LH_ISTHMUSCINGULATE_SIZE_UCBERKELEYAV1451_10_17_16,2400,2405,99.7920997920998
CTX_LH_LATERALOCCIPITAL_UCBERKELEYAV1451_10_17_16,2400,2405,99.7920997920998
CTX_LH_LATERALOCCIPITAL_SIZE_UCBERKELEYAV1451_10_17_16,2400,2405,99.7920997920998
CTX_LH_LATERALORBITOFRONTAL_UCBERKELEYAV1451_10_17_16,2400,2405,99.7920997920998
CTX_LH_LATERALORBITOFRONTAL_SIZE_UCBERKELEYAV1451_10_17_16,2400,2405,99.7920997920998
CTX_LH_LINGUAL_UCBERKELEYAV1451_10_17_16,2400,2405,99.7920997920998
CTX_LH_LINGUAL_SIZE_UCBERKELEYAV1451_10_17_16,2400,2405,99.7920997920998
CTX_LH_MEDIALORBITOFRONTAL_UCBERKELEYAV1451_10_17_16,2400,2405,99.7920997920998
CTX_LH_MEDIALORBITOFRONTAL_SIZE_UCBERKELEYAV1451_10_17_16,2400,2405,99.7920997920998
CTX_LH_MIDDLETEMPORAL_UCBERKELEYAV1451_10_17_16,2400,2405,99.7920997920998
CTX_LH_MIDDLETEMPORAL_SIZE_UCBERKELEYAV1451_10_17_16,2400,2405,99.7920997920998
CTX_LH_PARACENTRAL_UCBERKELEYAV1451_10_17_16,2400,2405,99.7920997920998
CTX_LH_PARACENTRAL_SIZE_UCBERKELEYAV1451_10_17_16,2400,2405,99.7920997920998
CTX_LH_PARAHIPPOCAMPAL_UCBERKELEYAV1451_10_17_16,2400,2405,99.7920997920998
CTX_LH_PARAHIPPOCAMPAL_SIZE_UCBERKELEYAV1451_10_17_16,2400,2405,99.7920997920998
CTX_LH_PARSOPERCULARIS_UCBERKELEYAV1451_10_17_16,2400,2405,99.7920997920998
CTX_LH_PARSOPERCULARIS_SIZE_UCBERKELEYAV1451_10_17_16,2400,2405,99.7920997920998
CTX_LH_PARSORBITALIS_UCBERKELEYAV1451_10_17_16,2400,2405,99.7920997920998
CTX_LH_PARSORBITALIS_SIZE_UCBERKELEYAV1451_10_17_16,2400,2405,99.7920997920998
CTX_LH_PARSTRIANGULARIS_UCBERKELEYAV1451_10_17_16,2400,2405,99.7920997920998
CTX_LH_PARSTRIANGULARIS_SIZE_UCBERKELEYAV1451_10_17_16,2400,2405,99.7920997920998
CTX_LH_PERICALCARINE_UCBERKELEYAV1451_10_17_16,2400,2405,99.7920997920998
CTX_LH_PERICALCARINE_SIZE_UCBERKELEYAV1451_10_17_16,2400,2405,99.7920997920998
CTX_LH_POSTCENTRAL_UCBERKELEYAV1451_10_17_16,2400,2405,99.7920997920998
CTX_LH_POSTCENTRAL_SIZE_UCBERKELEYAV1451_10_17_16,2400,2405,99.7920997920998
CTX_LH_POSTERIORCINGULATE_UCBERKELEYAV1451_10_17_16,2400,2405,99.7920997920998
CTX_LH_POSTERIORCINGULATE_SIZE_UCBERKELEYAV1451_10_17_16,2400,2405,99.7920997920998
CTX_LH_PRECENTRAL_UCBERKELEYAV1451_10_17_16,2400,2405,99.7920997920998
CTX_LH_PRECENTRAL_SIZE_UCBERKELEYAV1451_10_17_16,2400,2405,99.7920997920998
CTX_LH_PRECUNEUS_UCBERKELEYAV1451_10_17_16,2400,2405,99.7920997920998
CTX_LH_PRECUNEUS_SIZE_UCBERKELEYAV1451_10_17_16,2400,2405,99.7920997920998
CTX_LH_ROSTRALANTERIORCINGULATE_UCBERKELEYAV1451_10_17_16,2400,2405,99.7920997920998
CTX_LH_ROSTRALANTERIORCINGULATE_SIZE_UCBERKELEYAV1451_10_17_16,2400,2405,99.7920997920998
CTX_LH_ROSTRALMIDDLEFRONTAL_UCBERKELEYAV1451_10_17_16,2400,2405,99.7920997920998
CTX_LH_ROSTRALMIDDLEFRONTAL_SIZE_UCBERKELEYAV1451_10_17_16,2400,2405,99.7920997920998
CTX_LH_SUPERIORFRONTAL_UCBERKELEYAV1451_10_17_16,2400,2405,99.7920997920998
CTX_LH_SUPERIORFRONTAL_SIZE_UCBERKELEYAV1451_10_17_16,2400,2405,99.7920997920998
CTX_LH_SUPERIORPARIETAL_UCBERKELEYAV1451_10_17_16,2400,2405,99.7920997920998
CTX_LH_SUPERIORPARIETAL_SIZE_UCBERKELEYAV1451_10_17_16,2400,2405,99.7920997920998
CTX_LH_SUPERIORTEMPORAL_UCBERKELEYAV1451_10_17_16,2400,2405,99.7920997920998
CTX_LH_SUPERIORTEMPORAL_SIZE_UCBERKELEYAV1451_10_17_16,2400,2405,99.7920997920998
CTX_LH_SUPRAMARGINAL_UCBERKELEYAV1451_10_17_16,2400,2405,99.7920997920998
CTX_LH_SUPRAMARGINAL_SIZE_UCBERKELEYAV1451_10_17_16,2400,2405,99.7920997920998
CTX_LH_TEMPORALPOLE_UCBERKELEYAV1451_10_17_16,2400,2405,99.7920997920998
CTX_LH_TEMPORALPOLE_SIZE_UCBERKELEYAV1451_10_17_16,2400,2405,99.7920997920998
CTX_LH_TRANSVERSETEMPORAL_UCBERKELEYAV1451_10_17_16,2400,2405,99.7920997920998
CTX_LH_TRANSVERSETEMPORAL_SIZE_UCBERKELEYAV1451_10_17_16,2400,2405,99.7920997920998
CTX_LH_UNKNOWN_UCBERKELEYAV1451_10_17_16,2400,2405,99.7920997920998
CTX_LH_UNKNOWN_SIZE_UCBERKELEYAV1451_10_17_16,2400,2405,99.7920997920998
CTX_RH_BANKSSTS_UCBERKELEYAV1451_10_17_16,2400,2405,99.7920997920998
CTX_RH_BANKSSTS_SIZE_UCBERKELEYAV1451_10_17_16,2400,2405,99.7920997920998
CTX_RH_CAUDALANTERIORCINGULATE_UCBERKELEYAV1451_10_17_16,2400,2405,99.7920997920998
CTX_RH_CAUDALANTERIORCINGULATE_SIZE_UCBERKELEYAV1451_10_17_16,2400,2405,99.7920997920998
CTX_RH_CAUDALMIDDLEFRONTAL_UCBERKELEYAV1451_10_17_16,2400,2405,99.7920997920998
CTX_RH_CAUDALMIDDLEFRONTAL_SIZE_UCBERKELEYAV1451_10_17_16,2400,2405,99.7920997920998
CTX_RH_CUNEUS_UCBERKELEYAV1451_10_17_16,2400,2405,99.7920997920998
CTX_RH_CUNEUS_SIZE_UCBERKELEYAV1451_10_17_16,2400,2405,99.7920997920998
CTX_RH_ENTORHINAL_UCBERKELEYAV1451_10_17_16,2400,2405,99.7920997920998
CTX_RH_ENTORHINAL_SIZE_UCBERKELEYAV1451_10_17_16,2400,2405,99.7920997920998
CTX_RH_FRONTALPOLE_UCBERKELEYAV1451_10_17_16,2400,2405,99.7920997920998
CTX_RH_FRONTALPOLE_SIZE_UCBERKELEYAV1451_10_17_16,2400,2405,99.7920997920998
CTX_RH_FUSIFORM_UCBERKELEYAV1451_10_17_16,2400,2405,99.7920997920998
CTX_RH_FUSIFORM_SIZE_UCBERKELEYAV1451_10_17_16,2400,2405,99.7920997920998
CTX_RH_INFERIORPARIETAL_UCBERKELEYAV1451_10_17_16,2400,2405,99.7920997920998
CTX_RH_INFERIORPARIETAL_SIZE_UCBERKELEYAV1451_10_17_16,2400,2405,99.7920997920998
CTX_RH_INFERIORTEMPORAL_UCBERKELEYAV1451_10_17_16,2400,2405,99.7920997920998
CTX_RH_INFERIORTEMPORAL_SIZE_UCBERKELEYAV1451_10_17_16,2400,2405,99.7920997920998
CTX_RH_INSULA_UCBERKELEYAV1451_10_17_16,2400,2405,99.7920997920998
CTX_RH_INSULA_SIZE_UCBERKELEYAV1451_10_17_16,2400,2405,99.7920997920998
CTX_RH_ISTHMUSCINGULATE_UCBERKELEYAV1451_10_17_16,2400,2405,99.7920997920998
CTX_RH_ISTHMUSCINGULATE_SIZE_UCBERKELEYAV1451_10_17_16,2400,2405,99.7920997920998
CTX_RH_LATERALOCCIPITAL_UCBERKELEYAV1451_10_17_16,2400,2405,99.7920997920998
CTX_RH_LATERALOCCIPITAL_SIZE_UCBERKELEYAV1451_10_17_16,2400,2405,99.7920997920998
CTX_RH_LATERALORBITOFRONTAL_UCBERKELEYAV1451_10_17_16,2400,2405,99.7920997920998
CTX_RH_LATERALORBITOFRONTAL_SIZE_UCBERKELEYAV1451_10_17_16,2400,2405,99.7920997920998
CTX_RH_LINGUAL_UCBERKELEYAV1451_10_17_16,2400,2405,99.7920997920998
CTX_RH_LINGUAL_SIZE_UCBERKELEYAV1451_10_17_16,2400,2405,99.7920997920998
CTX_RH_MEDIALORBITOFRONTAL_UCBERKELEYAV1451_10_17_16,2400,2405,99.7920997920998
CTX_RH_MEDIALORBITOFRONTAL_SIZE_UCBERKELEYAV1451_10_17_16,2400,2405,99.7920997920998
CTX_RH_MIDDLETEMPORAL_UCBERKELEYAV1451_10_17_16,2400,2405,99.7920997920998
CTX_RH_MIDDLETEMPORAL_SIZE_UCBERKELEYAV1451_10_17_16,2400,2405,99.7920997920998
CTX_RH_PARACENTRAL_UCBERKELEYAV1451_10_17_16,2400,2405,99.7920997920998
CTX_RH_PARACENTRAL_SIZE_UCBERKELEYAV1451_10_17_16,2400,2405,99.7920997920998
CTX_RH_PARAHIPPOCAMPAL_UCBERKELEYAV1451_10_17_16,2400,2405,99.7920997920998
CTX_RH_PARAHIPPOCAMPAL_SIZE_UCBERKELEYAV1451_10_17_16,2400,2405,99.7920997920998
CTX_RH_PARSOPERCULARIS_UCBERKELEYAV1451_10_17_16,2400,2405,99.7920997920998
CTX_RH_PARSOPERCULARIS_SIZE_UCBERKELEYAV1451_10_17_16,2400,2405,99.7920997920998
CTX_RH_PARSORBITALIS_UCBERKELEYAV1451_10_17_16,2400,2405,99.7920997920998
CTX_RH_PARSORBITALIS_SIZE_UCBERKELEYAV1451_10_17_16,2400,2405,99.7920997920998
CTX_RH_PARSTRIANGULARIS_UCBERKELEYAV1451_10_17_16,2400,2405,99.7920997920998
CTX_RH_PARSTRIANGULARIS_SIZE_UCBERKELEYAV1451_10_17_16,2400,2405,99.7920997920998
CTX_RH_PERICALCARINE_UCBERKELEYAV1451_10_17_16,2400,2405,99.7920997920998
CTX_RH_PERICALCARINE_SIZE_UCBERKELEYAV1451_10_17_16,2400,2405,99.7920997920998
CTX_RH_POSTCENTRAL_UCBERKELEYAV1451_10_17_16,2400,2405,99.7920997920998
CTX_RH_POSTCENTRAL_SIZE_UCBERKELEYAV1451_10_17_16,2400,2405,99.7920997920998
CTX_RH_POSTERIORCINGULATE_UCBERKELEYAV1451_10_17_16,2400,2405,99.7920997920998
CTX_RH_POSTERIORCINGULATE_SIZE_UCBERKELEYAV1451_10_17_16,2400,2405,99.7920997920998
CTX_RH_PRECENTRAL_UCBERKELEYAV1451_10_17_16,2400,2405,99.7920997920998
CTX_RH_PRECENTRAL_SIZE_UCBERKELEYAV1451_10_17_16,2400,2405,99.7920997920998
CTX_RH_PRECUNEUS_UCBERKELEYAV1451_10_17_16,2400,2405,99.7920997920998
CTX_RH_PRECUNEUS_SIZE_UCBERKELEYAV1451_10_17_16,2400,2405,99.7920997920998
CTX_RH_ROSTRALANTERIORCINGULATE_UCBERKELEYAV1451_10_17_16,2400,2405,99.7920997920998
CTX_RH_ROSTRALANTERIORCINGULATE_SIZE_UCBERKELEYAV1451_10_17_16,2400,2405,99.7920997920998
CTX_RH_ROSTRALMIDDLEFRONTAL_UCBERKELEYAV1451_10_17_16,2400,2405,99.7920997920998
CTX_RH_ROSTRALMIDDLEFRONTAL_SIZE_UCBERKELEYAV1451_10_17_16,2400,2405,99.7920997920998
CTX_RH_SUPERIORFRONTAL_UCBERKELEYAV1451_10_17_16,2400,2405,99.7920997920998
CTX_RH_SUPERIORFRONTAL_SIZE_UCBERKELEYAV1451_10_17_16,2400,2405,99.7920997920998
CTX_RH_SUPERIORPARIETAL_UCBERKELEYAV1451_10_17_16,2400,2405,99.7920997920998
CTX_RH_SUPERIORPARIETAL_SIZE_UCBERKELEYAV1451_10_17_16,2400,2405,99.7920997920998
CTX_RH_SUPERIORTEMPORAL_UCBERKELEYAV1451_10_17_16,2400,2405,99.7920997920998
CTX_RH_SUPERIORTEMPORAL_SIZE_UCBERKELEYAV1451_10_17_16,2400,2405,99.7920997920998
CTX_RH_SUPRAMARGINAL_UCBERKELEYAV1451_10_17_16,2400,2405,99.7920997920998
CTX_RH_SUPRAMARGINAL_SIZE_UCBERKELEYAV1451_10_17_16,2400,2405,99.7920997920998
CTX_RH_TEMPORALPOLE_UCBERKELEYAV1451_10_17_16,2400,2405,99.7920997920998
CTX_RH_TEMPORALPOLE_SIZE_UCBERKELEYAV1451_10_17_16,2400,2405,99.7920997920998
CTX_RH_TRANSVERSETEMPORAL_UCBERKELEYAV1451_10_17_16,2400,2405,99.7920997920998
CTX_RH_TRANSVERSETEMPORAL_SIZE_UCBERKELEYAV1451_10_17_16,2400,2405,99.7920997920998
CTX_RH_UNKNOWN_UCBERKELEYAV1451_10_17_16,2400,2405,99.7920997920998
CTX_RH_UNKNOWN_SIZE_UCBERKELEYAV1451_10_17_16,2400,2405,99.7920997920998
LEFT_ACCUMBENS_AREA_UCBERKELEYAV1451_10_17_16,2400,2405,99.7920997920998
LEFT_ACCUMBENS_AREA_SIZE_UCBERKELEYAV1451_10_17_16,2400,2405,99.7920997920998
LEFT_AMYGDALA_UCBERKELEYAV1451_10_17_16,2400,2405,99.7920997920998
LEFT_AMYGDALA_SIZE_UCBERKELEYAV1451_10_17_16,2400,2405,99.7920997920998
LEFT_CAUDATE_UCBERKELEYAV1451_10_17_16,2400,2405,99.7920997920998
LEFT_CAUDATE_SIZE_UCBERKELEYAV1451_10_17_16,2400,2405,99.7920997920998
LEFT_CEREBELLUM_CORTEX_UCBERKELEYAV1451_10_17_16,2400,2405,99.7920997920998
LEFT_CEREBELLUM_CORTEX_SIZE_UCBERKELEYAV1451_10_17_16,2400,2405,99.7920997920998
LEFT_CEREBELLUM_WHITE_MATTER_UCBERKELEYAV1451_10_17_16,2400,2405,99.7920997920998
LEFT_CEREBELLUM_WHITE_MATTER_SIZE_UCBERKELEYAV1451_10_17_16,2400,2405,99.7920997920998
LEFT_CEREBRAL_WHITE_MATTER_UCBERKELEYAV1451_10_17_16,2400,2405,99.7920997920998
LEFT_CEREBRAL_WHITE_MATTER_SIZE_UCBERKELEYAV1451_10_17_16,2400,2405,99.7920997920998
LEFT_CHOROID_PLEXUS_UCBERKELEYAV1451_10_17_16,2400,2405,99.7920997920998
LEFT_CHOROID_PLEXUS_SIZE_UCBERKELEYAV1451_10_17_16,2400,2405,99.7920997920998
LEFT_HIPPOCAMPUS_UCBERKELEYAV1451_10_17_16,2400,2405,99.7920997920998
LEFT_HIPPOCAMPUS_SIZE_UCBERKELEYAV1451_10_17_16,2400,2405,99.7920997920998
LEFT_INF_LAT_VENT_UCBERKELEYAV1451_10_17_16,2400,2405,99.7920997920998
LEFT_INF_LAT_VENT_SIZE_UCBERKELEYAV1451_10_17_16,2400,2405,99.7920997920998
LEFT_LATERAL_VENTRICLE_UCBERKELEYAV1451_10_17_16,2400,2405,99.7920997920998
LEFT_LATERAL_VENTRICLE_SIZE_UCBERKELEYAV1451_10_17_16,2400,2405,99.7920997920998
LEFT_PALLIDUM_UCBERKELEYAV1451_10_17_16,2400,2405,99.7920997920998
LEFT_PALLIDUM_SIZE_UCBERKELEYAV1451_10_17_16,2400,2405,99.7920997920998
LEFT_PUTAMEN_UCBERKELEYAV1451_10_17_16,2400,2405,99.7920997920998
LEFT_PUTAMEN_SIZE_UCBERKELEYAV1451_10_17_16,2400,2405,99.7920997920998
LEFT_THALAMUS_PROPER_UCBERKELEYAV1451_10_17_16,2400,2405,99.7920997920998
LEFT_THALAMUS_PROPER_SIZE_UCBERKELEYAV1451_10_17_16,2400,2405,99.7920997920998
LEFT_VENTRALDC_UCBERKELEYAV1451_10_17_16,2400,2405,99.7920997920998
LEFT_VENTRALDC_SIZE_UCBERKELEYAV1451_10_17_16,2400,2405,99.7920997920998
LEFT_VESSEL_UCBERKELEYAV1451_10_17_16,2400,2405,99.7920997920998
LEFT_VESSEL_SIZE_UCBERKELEYAV1451_10_17_16,2400,2405,99.7920997920998
NON_WM_HYPOINTENSITIES_UCBERKELEYAV1451_10_17_16,2400,2405,99.7920997920998
NON_WM_HYPOINTENSITIES_SIZE_UCBERKELEYAV1451_10_17_16,2400,2405,99.7920997920998
OPTIC_CHIASM_UCBERKELEYAV1451_10_17_16,2400,2405,99.7920997920998
OPTIC_CHIASM_SIZE_UCBERKELEYAV1451_10_17_16,2400,2405,99.7920997920998
RIGHT_ACCUMBENS_AREA_UCBERKELEYAV1451_10_17_16,2400,2405,99.7920997920998
RIGHT_ACCUMBENS_AREA_SIZE_UCBERKELEYAV1451_10_17_16,2400,2405,99.7920997920998
RIGHT_AMYGDALA_UCBERKELEYAV1451_10_17_16,2400,2405,99.7920997920998
RIGHT_AMYGDALA_SIZE_UCBERKELEYAV1451_10_17_16,2400,2405,99.7920997920998
RIGHT_CAUDATE_UCBERKELEYAV1451_10_17_16,2400,2405,99.7920997920998
RIGHT_CAUDATE_SIZE_UCBERKELEYAV1451_10_17_16,2400,2405,99.7920997920998
RIGHT_CEREBELLUM_CORTEX_UCBERKELEYAV1451_10_17_16,2400,2405,99.7920997920998
RIGHT_CEREBELLUM_CORTEX_SIZE_UCBERKELEYAV1451_10_17_16,2400,2405,99.7920997920998
RIGHT_CEREBELLUM_WHITE_MATTER_UCBERKELEYAV1451_10_17_16,2400,2405,99.7920997920998
RIGHT_CEREBELLUM_WHITE_MATTER_SIZE_UCBERKELEYAV1451_10_17_16,2400,2405,99.7920997920998
RIGHT_CEREBRAL_WHITE_MATTER_UCBERKELEYAV1451_10_17_16,2400,2405,99.7920997920998
RIGHT_CEREBRAL_WHITE_MATTER_SIZE_UCBERKELEYAV1451_10_17_16,2400,2405,99.7920997920998
RIGHT_CHOROID_PLEXUS_UCBERKELEYAV1451_10_17_16,2400,2405,99.7920997920998
RIGHT_CHOROID_PLEXUS_SIZE_UCBERKELEYAV1451_10_17_16,2400,2405,99.7920997920998
RIGHT_HIPPOCAMPUS_UCBERKELEYAV1451_10_17_16,2400,2405,99.7920997920998
RIGHT_HIPPOCAMPUS_SIZE_UCBERKELEYAV1451_10_17_16,2400,2405,99.7920997920998
RIGHT_INF_LAT_VENT_UCBERKELEYAV1451_10_17_16,2400,2405,99.7920997920998
RIGHT_INF_LAT_VENT_SIZE_UCBERKELEYAV1451_10_17_16,2400,2405,99.7920997920998
RIGHT_LATERAL_VENTRICLE_UCBERKELEYAV1451_10_17_16,2400,2405,99.7920997920998
RIGHT_LATERAL_VENTRICLE_SIZE_UCBERKELEYAV1451_10_17_16,2400,2405,99.7920997920998
RIGHT_PALLIDUM_UCBERKELEYAV1451_10_17_16,2400,2405,99.7920997920998
RIGHT_PALLIDUM_SIZE_UCBERKELEYAV1451_10_17_16,2400,2405,99.7920997920998
RIGHT_PUTAMEN_UCBERKELEYAV1451_10_17_16,2400,2405,99.7920997920998
RIGHT_PUTAMEN_SIZE_UCBERKELEYAV1451_10_17_16,2400,2405,99.7920997920998
RIGHT_THALAMUS_PROPER_UCBERKELEYAV1451_10_17_16,2400,2405,99.7920997920998
RIGHT_THALAMUS_PROPER_SIZE_UCBERKELEYAV1451_10_17_16,2400,2405,99.7920997920998
RIGHT_VENTRALDC_UCBERKELEYAV1451_10_17_16,2400,2405,99.7920997920998
RIGHT_VENTRALDC_SIZE_UCBERKELEYAV1451_10_17_16,2400,2405,99.7920997920998
RIGHT_VESSEL_UCBERKELEYAV1451_10_17_16,2400,2405,99.7920997920998
RIGHT_VESSEL_SIZE_UCBERKELEYAV1451_10_17_16,2400,2405,99.7920997920998
WM_HYPOINTENSITIES_UCBERKELEYAV1451_10_17_16,2400,2405,99.7920997920998
WM_HYPOINTENSITIES_SIZE_UCBERKELEYAV1451_10_17_16,2400,2405,99.7920997920998
VERSION_DTIROI_04_30_14,2402,2405,99.87525987525989
VISITNO_DTIROI_04_30_14,2402,2405,99.87525987525989
LONIUID_1_DTIROI_04_30_14,2402,2405,99.87525987525989
LONIUID_2_DTIROI_04_30_14,2402,2405,99.87525987525989
LONIUID_3_DTIROI_04_30_14,2402,2405,99.87525987525989
LONIUID_4_DTIROI_04_30_14,2402,2405,99.87525987525989
FA_CST_L_DTIROI_04_30_14,2402,2405,99.87525987525989
FA_CST_R_DTIROI_04_30_14,2402,2405,99.87525987525989
FA_ICP_L_DTIROI_04_30_14,2402,2405,99.87525987525989
FA_ICP_R_DTIROI_04_30_14,2402,2405,99.87525987525989
FA_ML_L_DTIROI_04_30_14,2402,2405,99.87525987525989
FA_ML_R_DTIROI_04_30_14,2402,2405,99.87525987525989
FA_SCP_L_DTIROI_04_30_14,2402,2405,99.87525987525989
FA_SCP_R_DTIROI_04_30_14,2402,2405,99.87525987525989
FA_CP_L_DTIROI_04_30_14,2402,2405,99.87525987525989
FA_CP_R_DTIROI_04_30_14,2402,2405,99.87525987525989
FA_ALIC_L_DTIROI_04_30_14,2402,2405,99.87525987525989
FA_ALIC_R_DTIROI_04_30_14,2402,2405,99.87525987525989
FA_PLIC_L_DTIROI_04_30_14,2402,2405,99.87525987525989
FA_PLIC_R_DTIROI_04_30_14,2402,2405,99.87525987525989
FA_PTR_L_DTIROI_04_30_14,2402,2405,99.87525987525989
FA_PTR_R_DTIROI_04_30_14,2402,2405,99.87525987525989
FA_ACR_L_DTIROI_04_30_14,2402,2405,99.87525987525989
FA_ACR_R_DTIROI_04_30_14,2402,2405,99.87525987525989
FA_SCR_L_DTIROI_04_30_14,2402,2405,99.87525987525989
FA_SCR_R_DTIROI_04_30_14,2402,2405,99.87525987525989
FA_PCR_L_DTIROI_04_30_14,2402,2405,99.87525987525989
FA_PCR_R_DTIROI_04_30_14,2402,2405,99.87525987525989
FA_CGC_L_DTIROI_04_30_14,2402,2405,99.87525987525989
FA_CGC_R_DTIROI_04_30_14,2402,2405,99.87525987525989
FA_CGH_L_DTIROI_04_30_14,2402,2405,99.87525987525989
FA_CGH_R_DTIROI_04_30_14,2402,2405,99.87525987525989
FA_FX_ST_L_DTIROI_04_30_14,2402,2405,99.87525987525989
FA_FX_ST_R_DTIROI_04_30_14,2402,2405,99.87525987525989
FA_SLF_L_DTIROI_04_30_14,2402,2405,99.87525987525989
FA_SLF_R_DTIROI_04_30_14,2402,2405,99.87525987525989
FA_SFO_L_DTIROI_04_30_14,2402,2405,99.87525987525989
FA_SFO_R_DTIROI_04_30_14,2402,2405,99.87525987525989
FA_IFO_L_DTIROI_04_30_14,2402,2405,99.87525987525989
FA_IFO_R_DTIROI_04_30_14,2402,2405,99.87525987525989
FA_SS_L_DTIROI_04_30_14,2402,2405,99.87525987525989
FA_SS_R_DTIROI_04_30_14,2402,2405,99.87525987525989
FA_EC_L_DTIROI_04_30_14,2402,2405,99.87525987525989
FA_EC_R_DTIROI_04_30_14,2402,2405,99.87525987525989
FA_UNC_L_DTIROI_04_30_14,2402,2405,99.87525987525989
FA_UNC_R_DTIROI_04_30_14,2402,2405,99.87525987525989
FA_FX_L_DTIROI_04_30_14,2402,2405,99.87525987525989
FA_FX_R_DTIROI_04_30_14,2402,2405,99.87525987525989
FA_GCC_L_DTIROI_04_30_14,2402,2405,99.87525987525989
FA_GCC_R_DTIROI_04_30_14,2402,2405,99.87525987525989
FA_BCC_L_DTIROI_04_30_14,2402,2405,99.87525987525989
FA_BCC_R_DTIROI_04_30_14,2402,2405,99.87525987525989
FA_SCC_L_DTIROI_04_30_14,2402,2405,99.87525987525989
FA_SCC_R_DTIROI_04_30_14,2402,2405,99.87525987525989
FA_RLIC_L_DTIROI_04_30_14,2402,2405,99.87525987525989
FA_RLIC_R_DTIROI_04_30_14,2402,2405,99.87525987525989
FA_TAP_L_DTIROI_04_30_14,2402,2405,99.87525987525989
FA_TAP_R_DTIROI_04_30_14,2402,2405,99.87525987525989
FA_SUMGCC_DTIROI_04_30_14,2402,2405,99.87525987525989
FA_SUMBCC_DTIROI_04_30_14,2402,2405,99.87525987525989
FA_SUMSCC_DTIROI_04_30_14,2402,2405,99.87525987525989
FA_SUMCC_DTIROI_04_30_14,2402,2405,99.87525987525989
FA_SUMFX_DTIROI_04_30_14,2402,2405,99.87525987525989
MD_CST_L_DTIROI_04_30_14,2402,2405,99.87525987525989
MD_CST_R_DTIROI_04_30_14,2402,2405,99.87525987525989
MD_ICP_L_DTIROI_04_30_14,2402,2405,99.87525987525989
MD_ICP_R_DTIROI_04_30_14,2402,2405,99.87525987525989
MD_ML_L_DTIROI_04_30_14,2402,2405,99.87525987525989
MD_ML_R_DTIROI_04_30_14,2402,2405,99.87525987525989
MD_SCP_L_DTIROI_04_30_14,2402,2405,99.87525987525989
MD_SCP_R_DTIROI_04_30_14,2402,2405,99.87525987525989
MD_CP_L_DTIROI_04_30_14,2402,2405,99.87525987525989
MD_CP_R_DTIROI_04_30_14,2402,2405,99.87525987525989
MD_ALIC_L_DTIROI_04_30_14,2402,2405,99.87525987525989
MD_ALIC_R_DTIROI_04_30_14,2402,2405,99.87525987525989
MD_PLIC_L_DTIROI_04_30_14,2402,2405,99.87525987525989
MD_PLIC_R_DTIROI_04_30_14,2402,2405,99.87525987525989
MD_PTR_L_DTIROI_04_30_14,2402,2405,99.87525987525989
MD_PTR_R_DTIROI_04_30_14,2402,2405,99.87525987525989
MD_ACR_L_DTIROI_04_30_14,2402,2405,99.87525987525989
MD_ACR_R_DTIROI_04_30_14,2402,2405,99.87525987525989
MD_SCR_L_DTIROI_04_30_14,2402,2405,99.87525987525989
MD_SCR_R_DTIROI_04_30_14,2402,2405,99.87525987525989
MD_PCR_L_DTIROI_04_30_14,2402,2405,99.87525987525989
MD_PCR_R_DTIROI_04_30_14,2402,2405,99.87525987525989
MD_CGC_L_DTIROI_04_30_14,2402,2405,99.87525987525989
MD_CGC_R_DTIROI_04_30_14,2402,2405,99.87525987525989
MD_CGH_L_DTIROI_04_30_14,2402,2405,99.87525987525989
MD_CGH_R_DTIROI_04_30_14,2402,2405,99.87525987525989
MD_FX_ST_L_DTIROI_04_30_14,2402,2405,99.87525987525989
MD_FX_ST_R_DTIROI_04_30_14,2402,2405,99.87525987525989
MD_SLF_L_DTIROI_04_30_14,2402,2405,99.87525987525989
MD_SLF_R_DTIROI_04_30_14,2402,2405,99.87525987525989
MD_SFO_L_DTIROI_04_30_14,2402,2405,99.87525987525989
MD_SFO_R_DTIROI_04_30_14,2402,2405,99.87525987525989
MD_IFO_L_DTIROI_04_30_14,2402,2405,99.87525987525989
MD_IFO_R_DTIROI_04_30_14,2402,2405,99.87525987525989
MD_SS_L_DTIROI_04_30_14,2402,2405,99.87525987525989
MD_SS_R_DTIROI_04_30_14,2402,2405,99.87525987525989
MD_EC_L_DTIROI_04_30_14,2402,2405,99.87525987525989
MD_EC_R_DTIROI_04_30_14,2402,2405,99.87525987525989
MD_UNC_L_DTIROI_04_30_14,2402,2405,99.87525987525989
MD_UNC_R_DTIROI_04_30_14,2402,2405,99.87525987525989
MD_FX_L_DTIROI_04_30_14,2402,2405,99.87525987525989
MD_FX_R_DTIROI_04_30_14,2402,2405,99.87525987525989
MD_GCC_L_DTIROI_04_30_14,2402,2405,99.87525987525989
MD_GCC_R_DTIROI_04_30_14,2402,2405,99.87525987525989
MD_BCC_L_DTIROI_04_30_14,2402,2405,99.87525987525989
MD_BCC_R_DTIROI_04_30_14,2402,2405,99.87525987525989
MD_SCC_L_DTIROI_04_30_14,2402,2405,99.87525987525989
MD_SCC_R_DTIROI_04_30_14,2402,2405,99.87525987525989
MD_RLIC_L_DTIROI_04_30_14,2402,2405,99.87525987525989
MD_RLIC_R_DTIROI_04_30_14,2402,2405,99.87525987525989
MD_TAP_L_DTIROI_04_30_14,2402,2405,99.87525987525989
MD_TAP_R_DTIROI_04_30_14,2402,2405,99.87525987525989
MD_SUMGCC_DTIROI_04_30_14,2402,2405,99.87525987525989
MD_SUMBCC_DTIROI_04_30_14,2402,2405,99.87525987525989
MD_SUMSCC_DTIROI_04_30_14,2402,2405,99.87525987525989
MD_SUMCC_DTIROI_04_30_14,2402,2405,99.87525987525989
MD_SUMFX_DTIROI_04_30_14,2402,2405,99.87525987525989
RD_CST_L_DTIROI_04_30_14,2402,2405,99.87525987525989
RD_CST_R_DTIROI_04_30_14,2402,2405,99.87525987525989
RD_ICP_L_DTIROI_04_30_14,2402,2405,99.87525987525989
RD_ICP_R_DTIROI_04_30_14,2402,2405,99.87525987525989
RD_ML_L_DTIROI_04_30_14,2402,2405,99.87525987525989
RD_ML_R_DTIROI_04_30_14,2402,2405,99.87525987525989
RD_SCP_L_DTIROI_04_30_14,2402,2405,99.87525987525989
RD_SCP_R_DTIROI_04_30_14,2402,2405,99.87525987525989
RD_CP_L_DTIROI_04_30_14,2402,2405,99.87525987525989
RD_CP_R_DTIROI_04_30_14,2402,2405,99.87525987525989
RD_ALIC_L_DTIROI_04_30_14,2402,2405,99.87525987525989
RD_ALIC_R_DTIROI_04_30_14,2402,2405,99.87525987525989
RD_PLIC_L_DTIROI_04_30_14,2402,2405,99.87525987525989
RD_PLIC_R_DTIROI_04_30_14,2402,2405,99.87525987525989
RD_PTR_L_DTIROI_04_30_14,2402,2405,99.87525987525989
RD_PTR_R_DTIROI_04_30_14,2402,2405,99.87525987525989
RD_ACR_L_DTIROI_04_30_14,2402,2405,99.87525987525989
RD_ACR_R_DTIROI_04_30_14,2402,2405,99.87525987525989
RD_SCR_L_DTIROI_04_30_14,2402,2405,99.87525987525989
RD_SCR_R_DTIROI_04_30_14,2402,2405,99.87525987525989
RD_PCR_L_DTIROI_04_30_14,2402,2405,99.87525987525989
RD_PCR_R_DTIROI_04_30_14,2402,2405,99.87525987525989
RD_CGC_L_DTIROI_04_30_14,2402,2405,99.87525987525989
RD_CGC_R_DTIROI_04_30_14,2402,2405,99.87525987525989
RD_CGH_L_DTIROI_04_30_14,2402,2405,99.87525987525989
RD_CGH_R_DTIROI_04_30_14,2402,2405,99.87525987525989
RD_FX_ST_L_DTIROI_04_30_14,2402,2405,99.87525987525989
RD_FX_ST_R_DTIROI_04_30_14,2402,2405,99.87525987525989
RD_SLF_L_DTIROI_04_30_14,2402,2405,99.87525987525989
RD_SLF_R_DTIROI_04_30_14,2402,2405,99.87525987525989
RD_SFO_L_DTIROI_04_30_14,2402,2405,99.87525987525989
RD_SFO_R_DTIROI_04_30_14,2402,2405,99.87525987525989
RD_IFO_L_DTIROI_04_30_14,2402,2405,99.87525987525989
RD_IFO_R_DTIROI_04_30_14,2402,2405,99.87525987525989
RD_SS_L_DTIROI_04_30_14,2402,2405,99.87525987525989
RD_SS_R_DTIROI_04_30_14,2402,2405,99.87525987525989
RD_EC_L_DTIROI_04_30_14,2402,2405,99.87525987525989
RD_EC_R_DTIROI_04_30_14,2402,2405,99.87525987525989
RD_UNC_L_DTIROI_04_30_14,2402,2405,99.87525987525989
RD_UNC_R_DTIROI_04_30_14,2402,2405,99.87525987525989
RD_FX_L_DTIROI_04_30_14,2402,2405,99.87525987525989
RD_FX_R_DTIROI_04_30_14,2402,2405,99.87525987525989
RD_GCC_L_DTIROI_04_30_14,2402,2405,99.87525987525989
RD_GCC_R_DTIROI_04_30_14,2402,2405,99.87525987525989
RD_BCC_L_DTIROI_04_30_14,2402,2405,99.87525987525989
RD_BCC_R_DTIROI_04_30_14,2402,2405,99.87525987525989
RD_SCC_L_DTIROI_04_30_14,2402,2405,99.87525987525989
RD_SCC_R_DTIROI_04_30_14,2402,2405,99.87525987525989
RD_RLIC_L_DTIROI_04_30_14,2402,2405,99.87525987525989
RD_RLIC_R_DTIROI_04_30_14,2402,2405,99.87525987525989
RD_TAP_L_DTIROI_04_30_14,2402,2405,99.87525987525989
RD_TAP_R_DTIROI_04_30_14,2402,2405,99.87525987525989
RD_SUMGCC_DTIROI_04_30_14,2402,2405,99.87525987525989
RD_SUMBCC_DTIROI_04_30_14,2402,2405,99.87525987525989
RD_SUMSCC_DTIROI_04_30_14,2402,2405,99.87525987525989
RD_SUMCC_DTIROI_04_30_14,2402,2405,99.87525987525989
RD_SUMFX_DTIROI_04_30_14,2402,2405,99.87525987525989
AD_CST_L_DTIROI_04_30_14,2402,2405,99.87525987525989
AD_CST_R_DTIROI_04_30_14,2402,2405,99.87525987525989
AD_ICP_L_DTIROI_04_30_14,2402,2405,99.87525987525989
AD_ICP_R_DTIROI_04_30_14,2402,2405,99.87525987525989
AD_ML_L_DTIROI_04_30_14,2402,2405,99.87525987525989
AD_ML_R_DTIROI_04_30_14,2402,2405,99.87525987525989
AD_SCP_L_DTIROI_04_30_14,2402,2405,99.87525987525989
AD_SCP_R_DTIROI_04_30_14,2402,2405,99.87525987525989
AD_CP_L_DTIROI_04_30_14,2402,2405,99.87525987525989
AD_CP_R_DTIROI_04_30_14,2402,2405,99.87525987525989
AD_ALIC_L_DTIROI_04_30_14,2402,2405,99.87525987525989
AD_ALIC_R_DTIROI_04_30_14,2402,2405,99.87525987525989
AD_PLIC_L_DTIROI_04_30_14,2402,2405,99.87525987525989
AD_PLIC_R_DTIROI_04_30_14,2402,2405,99.87525987525989
AD_PTR_L_DTIROI_04_30_14,2402,2405,99.87525987525989
AD_PTR_R_DTIROI_04_30_14,2402,2405,99.87525987525989
AD_ACR_L_DTIROI_04_30_14,2402,2405,99.87525987525989
AD_ACR_R_DTIROI_04_30_14,2402,2405,99.87525987525989
AD_SCR_L_DTIROI_04_30_14,2402,2405,99.87525987525989
AD_SCR_R_DTIROI_04_30_14,2402,2405,99.87525987525989
AD_PCR_L_DTIROI_04_30_14,2402,2405,99.87525987525989
AD_PCR_R_DTIROI_04_30_14,2402,2405,99.87525987525989
AD_CGC_L_DTIROI_04_30_14,2402,2405,99.87525987525989
AD_CGC_R_DTIROI_04_30_14,2402,2405,99.87525987525989
AD_CGH_L_DTIROI_04_30_14,2402,2405,99.87525987525989
AD_CGH_R_DTIROI_04_30_14,2402,2405,99.87525987525989
AD_FX_ST_L_DTIROI_04_30_14,2402,2405,99.87525987525989
AD_FX_ST_R_DTIROI_04_30_14,2402,2405,99.87525987525989
AD_SLF_L_DTIROI_04_30_14,2402,2405,99.87525987525989
AD_SLF_R_DTIROI_04_30_14,2402,2405,99.87525987525989
AD_SFO_L_DTIROI_04_30_14,2402,2405,99.87525987525989
AD_SFO_R_DTIROI_04_30_14,2402,2405,99.87525987525989
AD_IFO_L_DTIROI_04_30_14,2402,2405,99.87525987525989
AD_IFO_R_DTIROI_04_30_14,2402,2405,99.87525987525989
AD_SS_L_DTIROI_04_30_14,2402,2405,99.87525987525989
AD_SS_R_DTIROI_04_30_14,2402,2405,99.87525987525989
AD_EC_L_DTIROI_04_30_14,2402,2405,99.87525987525989
AD_EC_R_DTIROI_04_30_14,2402,2405,99.87525987525989
AD_UNC_L_DTIROI_04_30_14,2402,2405,99.87525987525989
AD_UNC_R_DTIROI_04_30_14,2402,2405,99.87525987525989
AD_FX_L_DTIROI_04_30_14,2402,2405,99.87525987525989
AD_FX_R_DTIROI_04_30_14,2402,2405,99.87525987525989
AD_GCC_L_DTIROI_04_30_14,2402,2405,99.87525987525989
AD_GCC_R_DTIROI_04_30_14,2402,2405,99.87525987525989
AD_BCC_L_DTIROI_04_30_14,2402,2405,99.87525987525989
AD_BCC_R_DTIROI_04_30_14,2402,2405,99.87525987525989
AD_SCC_L_DTIROI_04_30_14,2402,2405,99.87525987525989
AD_SCC_R_DTIROI_04_30_14,2402,2405,99.87525987525989
AD_RLIC_L_DTIROI_04_30_14,2402,2405,99.87525987525989
AD_RLIC_R_DTIROI_04_30_14,2402,2405,99.87525987525989
AD_TAP_L_DTIROI_04_30_14,2402,2405,99.87525987525989
AD_TAP_R_DTIROI_04_30_14,2402,2405,99.87525987525989
AD_SUMGCC_DTIROI_04_30_14,2402,2405,99.87525987525989
AD_SUMBCC_DTIROI_04_30_14,2402,2405,99.87525987525989
AD_SUMSCC_DTIROI_04_30_14,2402,2405,99.87525987525989
AD_SUMCC_DTIROI_04_30_14,2402,2405,99.87525987525989
AD_SUMFX_DTIROI_04_30_14,2402,2405,99.87525987525989
ABETA_UPENNBIOMK9_04_19_17,1997,2405,83.03534303534303
TAU_UPENNBIOMK9_04_19_17,1997,2405,83.03534303534303
PTAU_UPENNBIOMK9_04_19_17,1997,2405,83.03534303534303
P_D1D2,1045,2405,43.45114345114345
D1,1045,2405,43.45114345114345
D2,1045,2405,43.45114345114345
D3,1045,2405,43.45114345114345
D4,1045,2405,43.45114345114345
D5,1045,2405,43.45114345114345
D6,1045,2405,43.45114345114345
D7,1045,2405,43.45114345114345
D8,1045,2405,43.45114345114345
D9,1045,2405,43.45114345114345
D10,1045,2405,43.45114345114345
D11,1045,2405,43.45114345114345
D12,1045,2405,43.45114345114345
D13,1045,2405,43.45114345114345
D14,1045,2405,43.45114345114345
D15,1045,2405,43.45114345114345
D16,1045,2405,43.45114345114345
D17,1045,2405,43.45114345114345
D18,1045,2405,43.45114345114345
D19,1045,2405,43.45114345114345
D20,1045,2405,43.45114345114345
CDRSB,670,2405,27.85862785862786
ADAS11,692,2405,28.773388773388774
ADAS13,715,2405,29.72972972972973
MMSE,684,2405,28.440748440748443